geneName;Leading.proteins,log2 rpn6_01,log2 rpn6_02,log2 rpn6_03,log2 ev_01,log2 ev_02,log2 ev_03
;D3NQB6,22.9507,23.0297,22.611,24.656,24.0287,24.0095
eps-8;Q7YTG2,24.7866,24.845,24.3479,23.0747,23.0403,23.0809
eps-8;Q7YTG2,25.4759,25.0026,25.6835,22.8922,22.777,23.0983
ccr-4;A0A061AD13,24.2062,23.7821,24.0555,23.9843,24.9528,24.1612
lev-11;A0A0K3AQS9;A0A0K3ATR6;Q22866,26.5024,26.7055,26.3868,26.2838,27.1976,26.6767
lev-11;A0A0K3AQS9;A0A0K3ATR6;Q22866;Q27249,23.5886,25.0334,24.3336,24.5434,24.2846,24.9083
itsn-1;E6N0W0,24.2898,24.652,24.3135,24.8331,23.9271,23.3745
fln-2;A0A0K3ASN9,22.8675,22.4907,22.7283,26.5193,26.3221,26.1399
fln-2;A0A0K3ASN9,25.26,25.5212,25.1154,22.4088,23.0873,23.1406
fln-2;A0A0K3ASN9,28.8542,28.3256,28.7148,26.5308,26.63,26.6301
T01D1.4;A0A0K3AU20,23.9867,23.5191,24.1329,22.4569,23.0321,22.8641
;A0A0K3AY44,24.8162,24.8876,24.4084,22.9922,24.4137,24.2543
oac-14;A0A0K3AWB0,22.9718,22.931,22.7632,25.5535,25.2292,25.4541
rft-2;A0A168H3J9,23.148,22.6261,22.7424,22.9901,22.9201,22.3611
spat-2;A0A1I6CM87,23.8251,23.903,23.4002,22.9458,23.0868,22.8102
ubc-15;Q9N490,24.7976,25.1057,25.2451,22.9437,22.9499,23.0512
pdi-2;A3RMS2,24.0826,24.398,24.3915,22.8818,22.5017,23.0217
dab-1;Q8I4G9,24.8692,25.2437,24.7872,22.6329,23.0627,23.0516
;A5Z2W7,25.1108,24.9065,24.9645,25.5619,25.7867,24.9335
;A5Z2W7,22.673,22.9457,22.957,24.2737,24.4855,24.1636
;Q5FC71,27.2377,25.775,27.0758,26.0031,24.7932,25.9241
;Q5FC71,33.5353,33.1889,33.2692,32.9459,32.7943,32.8728
;A8WFH7,25.4349,25.7937,25.3656,25.1327,25.2452,25.0425
;A8WFH7,25.5653,25.7937,25.3656,25.1327,25.2452,25.0425
;A8WFH7,26.0427,26.1546,26.3031,22.9435,22.8951,22.4895
hsp-43;H2KYS1,26.1541,26.0739,26.3695,25.3925,25.1353,25.5024
aat-6;B2D6M4,26.1794,26.1198,26.2012,27.0473,26.5134,26.6211
;H2KYS2,24.7543,24.6688,24.1748,22.9449,22.9356,22.9338
;H2KYS2,22.7904,22.9068,22.4099,24.8115,25.039,24.5034
;H2KYS2,24.9455,24.8321,24.7576,24.8115,25.039,24.5034
;B3WFY5,25.134,24.6544,24.757,23.0982,23.0566,23.0733
ret-1;B5U8N2,22.8371,22.7499,22.8421,23.743,23.6689,23.1322
ret-1;B5U8N2,26.5714,26.0682,26.0337,25.352,26.2769,26.1573
pgp-5;B6VQ78,25.91,23.7574,22.6383,22.4225,22.8763,23.0343
mca-3;Q8MXS0,25.9425,25.8082,25.7988,25.2735,25.2736,25.058
uba-1;Q3S1J5,27.7483,28.13,27.8951,28.8735,28.7777,28.7925
;C6KRI9,25.2194,26.2775,25.7635,22.8648,23.0301,23.078
;C9IY22,22.7105,22.6111,23.1719,23.0699,23.0383,22.782
fln-1;U4PM04,23.0064,22.828,22.9744,23.2542,23.7337,23.5939
rgs-1;D1MN65,25.34,25.0974,25.1392,22.96,22.9627,22.8343
tag-349;D3NQB5,20.1082,23.0038,20.8778,22.9172,20.3871,21.8566
dct-16;D4YWC3,22.8465,23.0177,22.9665,23.2516,24.8288,23.0623
larp-1;D5MCN2,24.2187,24.2358,24.095,22.802,23.0283,23.1379
;D6R8W6,21.1033,21.5594,21.4697,22.9896,22.6806,23.0092
gsto-1;D7SFI3,25.8565,25.6793,25.6283,24.0665,25.5081,24.448
myrf-2;Q9U3I3,24.9732,25.1487,24.3947,26.7525,24.3288,25.167
ape-1;E0AHC9,24.0575,24.0888,24.2533,23.1019,22.5492,22.8538
ent-7;Q20396,25.4688,24.9904,24.9443,22.9007,22.8419,23.0535
C27A7.1;E1B6U2,24.0407,24.3825,24.4626,22.9522,22.9115,22.9243
hpo-34;E3W743,23.4747,24.286,23.7918,22.865,22.5861,23.577
dnj-14;Q21162,23.0043,22.6973,22.7877,23.8598,24.9129,24.9476
dnj-14;Q21162,24.1745,24.3086,24.7712,22.4882,23.0508,23.0984
lin-24;E5QCG6,25.9095,26.5295,26.2341,22.7853,22.5341,22.9973
nstp-5;E5QCI0,26.6386,26.5613,26.4425,25.8831,25.9656,25.8422
sqst-1;F1LIM5,22.5372,22.6983,22.7236,25.0394,24.5645,24.8732
sqst-1;F1LIM5,24.3607,24.3404,24.713,26.1217,26.1695,26.0937
;F5GUH0,25.0336,24.4201,24.7663,24.3487,24.4137,25.1169
pgp-6;pgp-7;Q1ZXU6,26.2538,27.0307,26.4992,26.5601,26.2483,26.0967
spc-1;G4S034,24.6124,24.5583,24.8257,22.9071,22.9861,23.1331
;G4SPY1,25.5038,25.6398,25.0973,24.0484,25.2755,23.7412
abtm-1;G4SRS5,25.3936,25.0994,25.6789,23.0478,22.716,22.8397
calu-1;G5EBH7,22.762,22.6909,22.8036,25.2919,23.5076,24.7793
erm-1;G5EES2,22.8958,22.6123,22.8864,24.0951,24.7279,23.6741
snf-3;G5EBN9,25.6746,25.555,25.3974,23.0521,22.7673,22.6996
snf-3;G5EBN9,22.9227,22.8971,22.9774,23.9057,24.4269,23.772
;G5EBP5,22.7773,23.0199,22.6887,25.5084,25.881,24.9636
;G5EBP5,22.7216,22.7805,22.827,25.202,25.5743,25.5042
ego-1;G5EBQ3,26.9355,27.3094,26.9465,22.872,22.0294,23.1168
ego-1;G5EBQ3,26.9355,27.3094,26.9465,22.9307,22.6439,22.6304
glc-1;G5EBR3,24.358,24.4276,24.3643,23.0763,23.1036,22.7758
zen-4;G5EC43,25.3015,24.4699,24.4874,22.3409,23.0682,23.1368
zen-4;G5EC43,24.6634,24.4759,24.8186,25.3629,26.0425,26.1654
ubql-1;G5EG66,25.8058,26.4095,26.1268,26.3365,26.0683,26.2671
ubql-1;G5EG66,25.9047,25.6839,26.8937,27.526,26.885,27.0362
;G5ECB0,24.8081,23.7794,24.2722,22.3709,23.0902,22.1968
vab-10;G5EFK7,25.0559,24.6475,24.9134,22.9457,22.848,22.7052
vab-10;G5EFK7,26.0558,25.9985,25.8307,24.628,25.6194,25.9485
vab-10;G5EFK7,23.4336,23.5926,23.4233,23.0572,22.6955,23.0866
gpc-2;G5ECT6,25.4013,25.3209,25.8398,25.0779,24.3222,24.4572
gpc-2;G5ECT6,23.6329,23.6422,23.4951,23.9673,24.3118,25.0774
skr-1;skr-5;G5ECU1,22.9776,23.0263,22.943,23.0665,24.1854,23.2591
chn-1;G5ECY6,26.0949,26.515,25.9801,24.4136,25.1158,24.7214
vab-9;G5ED30,25.2391,25.8412,25.4039,22.6359,23.0069,23.1211
eea-1;Q5FC45,25.2236,25.5454,24.9548,24.9204,24.14,23.7957
eea-1;Q5FC45,27.8255,27.474,27.4656,26.896,27.2944,26.7792
unc-25;Q8I4D9,28.9042,28.2507,28.9016,28.0617,28.3729,29.7014
sftd-3;G5EDD5,24.5482,24.4422,24.3418,23.0181,22.6751,22.7736
skr-2;G5EDD8,22.4805,22.7413,22.6729,25.1711,25.0562,25.1385
skr-2;G5EDD8,25.3872,25.0911,25.1157,24.8945,25.0562,25.2638
ent-1;G5EDJ3,27.5992,27.0072,26.5675,27.0821,27.4897,27.9646
clh-1;G5EDQ0,25.5842,25.7636,25.4406,24.1794,24.5762,24.4306
sur-6;G5EDR3,24.3888,24.2691,24.2635,22.9174,22.629,22.979
cey-4;G5EDV3,24.5977,24.8473,24.9073,24.4943,24.5912,24.4276
cey-4;G5EDV3,25.7824,26.2051,25.533,24.4987,25.0673,24.6194
cey-4;G5EDV3,26.115,26.2033,26.4249,22.8355,22.9117,23.141
cuc-1;G5EE41,24.3013,24.7542,24.0977,22.9128,22.8754,23.0125
cuc-1;G5EE41,25.5408,25.4676,22.2826,22.8788,22.7226,22.4939
skr-4;skr-3;Q9U1Y9,28.6875,28.3647,28.8296,27.6368,27.375,27.7329
nex-1;G5EEA8,25.9853,25.4554,25.7646,26.1475,25.9587,25.4104
nex-1;G5EEA8,25.4178,25.2996,25.0876,25.2046,25.0599,24.8095
frm-1;G5EEP9,26.4832,26.4236,26.4838,26.462,26.0916,25.9659
frm-1;G5EEP9,25.4,24.7302,25.0127,23.5675,24.2708,24.4506
vglu-2;G5EEK1,24.5259,24.8039,24.7484,22.7562,22.6741,23.141
;G5EEN7,25.4141,25.2906,25.2087,25.1896,25.0106,24.8457
;G5EF05,27.5113,28.4701,28.2804,28.0439,27.3439,28.0886
;G5EFF2,25.6918,25.9727,25.5785,24.9533,25.5303,24.6912
;G5EFF2,26.9762,26.9963,26.6044,26.372,27.0923,26.5694
mdf-1;G5EFM0,24.4734,24.9383,24.5155,23.0397,22.8426,22.6632
ikb-1;G5EFS1,22.922,22.7531,22.5806,25.2469,24.7668,24.7806
pgp-8;G5EG03,23.2775,22.5548,22.768,24.7723,23.9911,24.9883
pgp-8;G5EG03,23.2775,22.5548,23.0232,24.7723,25.6471,24.5749
pgp-9;G5EG58,24.2839,24.4972,24.3054,22.1322,23.0271,22.8986
lec-2;G5EGB1;Q20684,22.9258,22.9462,22.8616,24.8198,24.8357,25.0428
lec-2;G5EGB1;Q20684,22.7315,23.0168,22.5278,22.4915,23.1212,23.4629
vha-6;G5EGP4,27.2811,26.5949,26.9313,26.6467,27.2949,26.8906
B0416.5;G8JXY9,24.6639,24.9728,24.4324,25.3441,24.9278,24.6589
eef-1a.2;eft-3;G8JY74,23.0043,22.3857,22.5561,25.2436,25.3554,25.0383
eef-1a.2;eft-3;G8JY74,27.0022,26.8551,27.0823,22.8382,22.4711,23.0923
eef-1a.2;eft-3;G8JY74,22.9851,22.8039,22.9661,25.683,25.1489,25.5363
ubq-1;ubq-2;G8JY83,25.9694,25.5588,25.8887,29.35,29.1216,28.6643
ubq-1;ubq-2;G8JY83,26.4728,26.295,26.6754,26.3865,25.875,26.3828
ubq-1;ubq-2;G8JY83,32.7293,32.8805,32.2572,34.682,34.7733,35.0652
ubq-1;ubq-2;G8JY83,30.7122,30.8364,31.0751,30.9754,31.2651,31.3083
ubq-1;ubq-2;G8JY83,26.6094,26.7484,26.1641,28.9173,29.2925,29.0553
ubq-1;ubq-2;G8JY83,27.4848,27.0327,26.4439,28.8148,28.7364,28.2821
lea-1;H2FLK8;H2FLK9,26.1692,25.8713,25.8301,26.0224,25.4536,24.678
lea-1;H2FLK8;H2FLK9,23.0065,22.7519,22.9284,24.1835,23.2451,23.4854
lea-1;H2FLK8,23.6769,24.263,24.6968,20.1471,23.719,24.7556
lea-1;H2FLK8;H2FLK9,22.7688,22.8673,22.4493,25.1894,24.3505,24.5289
lea-1;H2FLK8;H2FLK9,25.9277,25.8121,26.283,23.1051,22.721,22.9429
lea-1;H2FLK8;H2FLK9,25.7281,25.6754,24.9292,25.1307,24.8905,24.0677
lea-1;H2FLK8;H2FLK9,23.3462,22.8245,22.568,23.107,22.9778,23.1231
lea-1;H2FLK8;H2FLK9,25.5156,25.4627,25.2364,22.8457,22.9161,22.7324
lea-1;H2FLK8;H2FLK9,25.1355,24.9886,25.2537,22.9685,22.4458,23.1124
lea-1;H2FLK8;H2FLK9,23.9021,23.4187,24.515,24.4414,24.207,24.4475
lea-1;H2FLK8;H2FLK9,22.6079,22.7516,21.1551,22.9909,21.5251,22.2113
lea-1;H2FLK8;H2FLK9,24.1925,23.6716,24.3465,25.5857,25.2367,24.9831
lea-1;H2FLK8;H2FLK9,25.1706,25.1863,24.9706,23.0955,23.1069,23.1143
lea-1;H2FLK8;H2FLK9,25.2869,25.1804,25.2773,25.5081,24.6742,24.2147
lea-1;H2FLK8;H2FLK9,24.5543,24.1087,24.2964,22.6388,23.109,23.0454
lea-1;H2FLK8;H2FLK9,23.4216,23.3207,23.5042,24.3738,24.3421,24.5786
lea-1;H2FLK8;H2FLK9,22.9378,22.642,22.9842,24.1817,23.7768,24.6936
lea-1;H2FLK8;H2FLK9,23.1268,22.8946,22.9956,22.5471,23.0941,23.073
lea-1;H2FLK8;H2FLK9,33.644,33.376,33.4511,26.9492,25.9959,26.0253
lea-1;H2FLK8;H2FLK9,23,22.3937,22.4341,25.5956,24.8429,25.2288
lea-1;H2FLK8;H2FLK9,22.7578,22.9238,22.7636,23.5511,24.5551,24.3844
lea-1;H2FLK8;H2FLK9,22.2963,22.9183,22.7491,23.222,23.1961,24.4737
lea-1;H2FLK8;H2FLK9,25.624,25.2795,25.1367,22.9178,22.8187,23.1099
lea-1;H2FLK8;H2FLK9,25.3434,24.9632,24.5581,25.511,24.7104,25.0259
lea-1;H2FLK8;H2FLK9,23.727,23.7076,24.1101,22.9245,22.9979,22.9733
lea-1;H2FLK8;H2FLK9,25.9741,26.046,25.7914,25.9004,25.6123,25.767
lea-1;H2FLK8;H2FLK9,22.705,22.8228,22.8327,25.0507,25.7135,25.2562
lea-1;H2FLK8;H2FLK9,23.9578,23.419,23.7074,25.4699,26.5209,26.0126
lea-1;H2FLK8;H2FLK9,25.1465,24.7672,25.3305,25.3613,25.1829,26.6785
lea-1;H2FLK8;H2FLK9,22.9605,22.8631,22.6393,24.8974,24.8154,24.5353
;H2KYH5,26.1383,26.644,26.6421,24.1591,25.5092,27.382
;H2KYH5,27.761,27.1804,26.6986,25.5562,26.3961,26.1493
;H2KYH5,25.9778,26.3376,26.2381,24.1649,25.3898,25.8968
;H2KYH5,24.3203,24.4063,24.3403,26.0193,25.9786,26.4719
srr-4;O44618,27.7882,27.5016,27.6372,26.9291,26.8953,26.7908
npl-4.1;npl-4.2;Q95QZ7,25.3966,25.282,25.3495,23.3753,23.8368,23.5956
;Q8MNV5,23.013,22.9748,22.3501,29.736,29.4433,29.4007
;Q8MNV5,22.4565,22.8501,22.4353,29.736,29.4433,29.4007
;Q8IFY5,22.8229,22.6278,22.3611,27.0492,27.08,26.9082
;Q95Q55,26.5754,26.482,26.3437,24.5849,24.3923,23.7535
;H2KZA9,25.2591,24.9932,24.8995,24.8678,25.0511,24.8256
aka-1;Q18930,25.1252,25.2238,25.6444,22.8782,23.0797,22.9798
;Q9BL66,23.0287,23.0003,22.9672,25.0265,24.8137,25.1348
ifc-2;H2KZR4,24.7176,24.2049,24.3564,22.994,23.08,23.1157
ifc-2;H2KZR4,23.5848,23.3184,22.8975,22.8764,22.7315,23.1215
;H2KZT9,22.9866,22.6711,22.6425,25.3642,26.5921,24.8392
cas-1;H2L023,26.2393,26.3207,26.345,22.9574,22.9086,22.9847
;H2L048,25.5886,25.8016,26.017,22.5218,23.0229,23.047
;H2L048,25.2138,25.5847,25.1139,24.991,25.3445,24.9923
mex-3;Q95R07,25.7343,26.1731,22.8174,23.0231,23.1049,23.069
ptc-3;H2L0G5,22.8641,22.9175,22.6687,23.5197,23.6532,24.6495
;H2L0R6,27.415,26.7241,27.0971,24.2705,24.9627,24.6698
brp-1;I2HAF4,23.0287,22.8737,22.5711,25.2403,24.7383,25.8613
brp-1;I2HAF4,22.8274,22.9235,22.9427,24.9001,25.6079,25.5303
rps-6;I2HAF8,22.4726,22.9033,22.9554,25.1278,25.3543,24.9752
rps-6;I2HAF8,23.5098,23.59,21.7771,22.8862,23.2315,22.8627
lec-3;Q95ZI4,26.3511,25.3034,24.665,24.5466,24.7053,24.0117
lec-3;Q95ZI4,25.2345,25.2679,25.0982,22.5343,22.9838,22.5708
his-40;his-73;his-2;his-72;his-74;his-71;K7ZUH9;P08898;Q9U281,24.3664,24.2509,23.4474,24.6987,25.1979,24.4598
tnt-4;O44556,22.1594,22.5025,22.8128,24.1147,24.2414,23.9492
;Q9XV55,25.5226,25.2018,25.0039,22.8657,23.1076,23.1247
ifb-2;M1Z854,25.0282,24.8983,24.7184,22.2767,22.6433,23.0671
stam-1;O01498,22.7841,22.7698,22.7365,23.706,24.6645,25.1378
npp-11;O01576,22.957,22.5749,22.9707,23.6188,23.6128,24.2059
unc-108;O01577,23.0293,22.6371,22.6337,26.2872,26.6884,26.4436
rpl-7;O01802,26.2105,26.0407,26.3267,22.9451,23.0108,22.6372
rps-10;O01869,31.2752,31.0818,31.2144,31.8829,31.9746,32.0899
spin-1;O01927,25.364,26.1385,26.1075,25.6071,25.3099,25.6369
rpl-4;O02056,24.4171,25.0847,25.3973,22.4398,22.5643,22.9626
;O02155,22.8047,22.8021,22.7599,24.4009,24.0816,23.945
ifa-2;O02365,23.3893,24.0009,24.2513,26.5487,24.4508,24.948
snb-1;O02495,22.9969,22.79,22.6954,25.5495,25.8821,25.6582
snb-1;O02495,27.8688,27.4386,27.5467,27.3291,27.7365,27.6831
snb-1;O02495,24.3976,24.3179,24.3331,25.8428,26.1296,26.2033
mdh-2;O02640,21.9298,22.567,24.208,25.7475,22.0908,24.8762
dnj-19;O16303,26.6551,26.6304,26.7277,26.0906,25.9018,25.8188
dnj-19;O16303,27.3588,27.1854,26.8622,25.7112,26.4895,26.4229
cmd-1;O16305,23.2431,23.2943,23.1122,24.8039,24.8602,25.6052
cmd-1;O16305,22.8857,22.9565,22.887,24.6621,25.2974,25.0992
cmd-1;O16305,26.5029,24.7414,25.2676,23.0545,22.8465,22.5386
cmd-1;O16305,26.7755,26.6866,26.8392,24.4573,25.2525,24.6414
catp-3;O16331,23.0116,22.9257,22.8681,24.6488,24.5299,24.6945
rpt-2;O16368,26.5441,25.8911,25.6138,25.8515,25.3014,24.9361
rpt-2;O16368,24.1569,24.4155,24.0522,22.2586,22.8326,22.9282
;O16547,27.4985,27.2926,27.4635,26.6582,27.6043,26.9779
rpt-4;O17071,22.2154,21.5611,22.1821,22.9646,22.9998,22.9045
;O17167,26.1754,26.312,26.3299,25.0596,25.7613,25.3647
mct-6;O17328,25.7667,26.0455,25.9197,26.8077,26.8632,26.6331
mct-6;O17328,23.0134,22.9183,22.8627,24.2197,24.2983,24.0131
attf-2;O17406,26.0247,25.8961,25.6299,22.6901,23.1038,22.6143
attf-2;O17406,26.0247,25.8961,25.6299,24.7812,25.988,26.2486
attf-2;O17406,26.8151,27.1149,27.2505,26.7597,26.5485,26.3836
attf-2;O17406,22.9962,22.8604,22.916,23.4534,24.2275,23.7279
attf-2;O17406,23.4635,22.6232,23.1957,23.0961,22.3083,23.33
ruvb-1;O17607,26.2412,26.2052,25.7602,25.3273,25.7213,24.9031
nasp-2;O17687,25.6664,25.3577,25.0415,26.5114,26.8651,27.1098
nasp-2;O17687,24.2468,23.9269,23.7728,23.0643,23.0688,22.9525
nasp-2;O17687,26.2709,25.412,25.4893,22.8607,23.0035,23.7453
nasp-2;O17687,22.8369,22.5993,22.7724,26.7103,26.7779,26.676
;O17891,23.7148,23.9268,23.6738,23.9155,24.3912,23.742
arrd-11;O17981,26.5047,26.61,26.5121,25.1391,25.5667,25.292
;O18307,25.4923,25.4359,26.0208,25.0443,24.886,25.1346
;O18307,25.2535,25.1531,25.6614,24.5905,24.886,23.6492
perm-4;O44144,25.4294,25.4549,25.4718,23.0667,23.0206,22.7085
perm-2;O44145,21.0289,21.7481,22.11,22.864,20.2364,21.5878
perm-2;O44145,23.1362,23.5171,23.852,21.7254,21.3846,23.0619
T07A9.8;O44410,31.3301,31.2977,31.4211,31.395,32.155,31.2105
T07A9.9;O44411,24.826,25.4708,25.2526,25.094,24.6994,24.8397
otub-4;U4PEY4,22.7992,22.7072,22.4599,23.2073,23.1692,24.2724
snpn-1;O44445,27.1261,27.0246,26.949,26.6715,26.5649,26.7582
rpl-20;O44480,24.3211,24.352,24.5705,23.1117,22.8478,23.1009
rpl-20;O44480,27.5561,28.3297,27.6319,26.0007,27.0572,26.94
;O44735,27.7042,27.7223,27.4489,26.616,26.8153,27.0304
;O44735,26.0204,25.2049,26.0142,23.9879,25.3382,25.4787
;O44735,26.0204,26.5367,25.8177,23.0951,22.9222,22.9829
snf-1;O44752,24.9925,24.6149,25.4289,25.0414,25.5983,26.0235
;O44885,25.227,25.4864,24.987,23.6866,24.1034,24.024
;O44895,25.1294,25.0763,25.0001,23.0682,22.5279,22.6869
haf-9;Q8IA64,25.0199,24.4944,25.437,24.3597,24.4497,25.0477
;Q86MG4,26.4003,26.4233,26.0979,24.9322,24.8362,24.7447
;O45181,24.7031,24.4854,24.8335,23.8208,23.8142,23.5019
fkb-6;O45418,22.8629,22.8132,21.4662,23.6182,23.934,23.8706
oac-20;O45470,26.8279,26.6031,26.9376,25.794,26.1003,25.8631
uev-1;O45495,24.8138,24.9161,24.3654,23.0474,22.8049,23.0961
;O45628,25.4222,24.7274,25.0407,22.9939,22.7717,23.0735
cpl-1;O45734,24.4362,24.3539,24.5635,22.7082,22.666,23.0206
act-5;act-4;act-2;act-3;act-1;O45815;Q6A8K1,25.4296,25.1326,24.8911,25.0761,24.6629,24.7255
act-5;act-4;act-2;act-3;act-1;O45815;Q6A8K1;Q95ZL1,26.4484,26.7179,26.3035,24.4573,25.5962,25.3941
C08F11.11;O62053,25.109,25.1325,24.9611,22.8967,23.0919,23.0881
cey-1;O62213,26.431,26.3305,26.3353,26.6039,26.4691,26.4936
;O62256,23.6964,25.6395,23.9079,23.0809,23.0952,22.463
;O62256,26.0663,25.9891,26.485,22.7212,22.8504,22.981
;O62317,23.5256,24.0545,24.1861,22.6881,22.4841,22.9441
;O62347,28.7788,28.2958,29.2111,27.828,28.1225,28.8543
;O62347,28.7788,28.2958,29.2111,27.828,28.1225,28.8543
col-119;dpy-4;Q18799,27.5055,28.0103,27.4267,27.5699,27.6441,27.8543
col-119;dpy-4;Q18799,25.257,25.8774,25.7067,27.7328,27.3317,27.5569
rpn-11;F37A4.5;O76577,25.59,25.2209,25.636,22.9389,23.3012,23.2976
mig-6;O76840,24.2091,23.9067,24.1773,23.0439,23.0829,22.9576
hsp-16.48;P02513,24.4253,24.9676,24.9478,25.7362,25.9232,19.8865
hsp-16.48;hsp-16.41;P02513;P06581,22.7807,22.8682,22.7543,25.8488,26.1596,25.9765
unc-54;P02566,22.9541,22.6208,22.7916,23.8029,23.2474,22.2457
unc-54;P02566,22.9646,22.8208,22.5714,27.9194,28.4683,28.0701
unc-54;P02566,22.9858,23.0156,22.8101,25.0449,25.1673,25.1723
unc-54;P02566,22.4979,22.8789,22.9307,23.8571,24.9152,24.3674
unc-54;P02566,22.8478,22.9648,22.6866,24.5094,25.5355,25.8038
unc-54;P02566,24.6882,24.4872,24.7404,24.8691,24.6084,24.8821
unc-54;P02566,26.5421,26.9634,26.1352,27.3585,23.1503,22.4421
unc-54;P02566,26.8935,27.1784,26.8181,25.6629,25.8169,25.9229
unc-54;P02566,27.3399,26.7897,26.8369,29.0624,28.8396,28.8965
unc-54;P02566,22.6743,22.8766,22.8108,24.147,24.4013,24.1044
unc-54;P02566,26.9816,27.2557,27.035,27.5105,27.3638,27.6175
unc-54;P02566,22.8259,22.944,22.9075,25.1989,25.404,25.2705
unc-54;P02566,25.3244,25.5212,25.9141,27.615,27.3797,27.9097
unc-54;P02566,22.6006,22.904,22.3041,26.217,26.7465,26.4438
unc-54;myo-1;P02566;P02567,24.7682,24.845,24.7157,23.0847,23.0914,23.098
unc-54;P02566,22.7292,22.9083,22.9381,25.7176,25.8003,26.0353
unc-54;P02566,22.8215,22.6639,22.7757,23.9109,25.5664,24.7967
his-11;his-4;his-48;his-41;P04255,23.9508,25.4896,26.0887,30.2481,29.2327,28.7486
vit-2;P05690,25.036,24.4414,24.338,22.9977,22.9285,22.7968
vit-2;P05690,25.036,24.4414,24.338,22.7956,23.0378,23.0525
vit-2;vit-1;P05690;P55155,25.0317,24.9825,24.7024,25.3708,25.5964,24.992
vit-2;vit-1;P05690;P55155,26.1385,26.1059,26.3069,23.0806,22.7721,23.0657
vit-2;vit-1;P05690;P55155,24.5087,24.5616,24.2057,22.6555,23.0035,22.8359
vit-2;vit-1;P05690;P55155,24.5965,24.8774,24.5333,23.1152,22.9887,22.9736
vit-2;vit-1;P05690;P55155,24.4709,25.2815,25.2743,23.0248,22.9418,23.1406
vit-2;vit-1;P05690;P55155,25.3586,24.9943,24.9515,23.0659,22.9658,22.7957
vit-5;vit-4;vit-3;P06125;P18947;Q9N4J2,22.8678,23.0369,22.8136,23.5666,22.9906,22.9303
hsp-16.41;P06581,25.2772,24.9086,23.4966,22.7808,23.061,22.7494
hsp-1;P09446,25.033,25.9097,25.6431,24.8688,25.5723,24.916
hsp-1;P09446,24.5942,24.5675,23.6648,25.1212,24.5683,24.8809
hsp-1;P09446,23.0358,22.9882,22.7815,23.6432,23.8344,23.9459
hsp-1;P09446,26.5133,25.863,26.0036,25.1553,21.5177,25.3999
hsp-1;P09446,31.7865,31.5947,31.1465,31.0187,31.19,31.1376
hsp-1;P09446,26.6677,27.2917,27.042,23.6396,26.6029,27.2386
hsp-1;P09446,24.9163,29.5222,26.2815,23.5339,25.7918,26.7438
hsp-1;P09446,24.8213,26.1691,26.0089,21.9127,20.8138,25.731
hsp-1;P09446,30.2299,29.7896,29.8138,27.9275,28.9554,28.2545
hsp-1;P09446,27.3192,26.7755,26.2886,26.4043,26.5628,26.2428
hsp-1;P09446,28.4082,27.5372,27.6528,27.8137,27.7687,27.0538
unc-15;P10567,25.1319,25.5841,25.9365,26.5911,27.4613,28.1798
unc-15;P10567,26.8389,26.7883,26.8433,25.5761,25.9951,26.4998
unc-15;P10567,22.7709,22.7997,22.7948,25.1962,25.1243,25.9438
unc-15;P10567,25.4131,26.5257,26.2135,26.2462,26.0096,26.3191
unc-15;P10567,28.4432,27.9952,28.8213,27.5879,27.181,27.8795
unc-15;P10567,22.5958,22.9942,22.9367,25.7323,26.0633,25.4774
unc-15;P10567,25.9903,25.6506,25.8352,25.833,26.302,25.7931
unc-15;P10567,22.9858,22.684,22.9074,26.7035,27.0305,26.8003
unc-15;P10567,22.8029,22.782,22.8922,29.3497,29.8066,29.514
unc-15;P10567,22.9776,22.7638,22.9579,26.097,26.0962,26.2964
myo-3;P12844,24.6403,24.282,24.6798,25.5655,24.9223,25.4987
myo-3;P12844,23.7125,23.5868,23.3855,24.4987,23.6866,23.8657
myo-2;P12845,22.0394,19.5502,20.1444,23.0017,22.0473,23.9615
myo-2;P12845,25.8716,26.7096,26.6042,22.8869,25.8825,26.5938
rol-8;P18831,25.9993,25.8828,26.2728,25.4721,24.8739,25.3227
vit-6;P18948,23.2543,23.5889,24.2894,23.0397,22.9868,22.928
vit-6;P18948,25.168,25.2728,24.8163,25.0517,25.1991,25.3042
vit-6;P18948,22.9687,22.9702,22.86,24.8378,25.1035,24.5672
vit-6;P18948,24.9685,25.1311,24.8839,25.7116,25.5059,24.8605
vit-6;P18948,25.5435,25.1383,25.1146,24.7948,25.0812,24.2522
vit-6;P18948,26.7249,27.0547,26.7539,27.2478,27.2373,27.0585
mlc-2;mlc-1;P19626,22.8264,22.959,22.9653,24.2719,24.4558,23.783
mlc-2;mlc-1;P19626,24.3167,24.9931,25.1483,23.1148,22.6335,23.1278
mlc-2;mlc-1;P19626,26.2693,26.0853,26.2997,27.7095,27.6446,27.4265
eef-2;P29691,24.8458,25.2447,24.6911,22.8889,22.3201,22.9777
eef-2;P29691,28.0464,27.5428,27.938,25.8939,26.3733,26.4789
unc-32;P30628,25.4737,25.3462,25.4879,25.6882,26.4099,25.2462
C07A9.5;P34316,23.9417,23.5309,24.3716,22.963,23.0381,22.9307
rpl-21;P34334,24.446,24.5052,25.3963,24.2642,25.4583,24.6041
C48B4.6;P34360,22.8697,22.9611,22.7865,25.9733,25.5971,26.0035
C48B4.10;P34364,25.147,25.3951,25.4424,22.9076,22.634,23.1322
far-1;P34382,26.187,26.742,26.5905,23.0883,22.9384,22.4282
K03H1.5;P34501,25.7982,26.0091,26.1261,26.3646,26.3134,26.4552
K03H1.5;P34501,27.1048,27.5208,27.179,28.0848,28.1703,27.9764
met-2;P34544,28.3192,28.5156,28.1981,28.7716,28.8745,28.4817
alx-1;P34552,22.8892,22.9646,22.7609,24.9508,25.0859,24.937
vps-53;P34561,25.6734,25.7678,25.7573,25.6918,25.4643,25.3693
T05G5.9;P34562,25.4744,25.4143,25.4565,23.0929,22.9141,22.9958
T05G5.9;P34562,25.4744,25.4143,25.4565,22.8883,22.8906,22.9192
hsp-16.1;P34696,31.5779,31.3144,31.5621,29.6589,29.7721,29.74
let-70;P35129,24.8489,25.8959,25.2309,24.9869,25.0564,25.0516
lec-1;P36573,27.0759,26.9332,26.9394,25.7638,25.7539,26.3874
lec-1;P36573,25.8104,25.5774,25.4158,24.6327,24.7429,24.6398
ncs-2;P36609,23.8544,24.2074,23.0223,22.5944,22.589,23.1172
ncs-2;P36609,24.4783,24.4269,24.5195,24.2803,24.2903,24.2752
ubl-1;P37165,30.5914,30.4113,30.9266,30.9896,30.569,30.844
ubl-1;P37165,25.8473,26.0511,25.8501,24.9993,24.7059,23.9635
unc-87;P37806,25.8142,25.3904,25.4444,24.2291,25.8401,25.0556
par-5;P41932,23.0162,22.9452,22.7511,24.64,25.4372,24.5873
par-5;ftt-2;P41932;Q95ZT1,22.9078,22.8964,22.8417,25.8608,25.27,25.8813
par-5;ftt-2;P41932;Q95ZT1,26.1049,26.1362,25.9437,25.3105,25.2257,24.9463
rpt-3;P46502,23.4492,23.566,23.0263,22.7386,23.0135,22.9877
T12A2.2;P46975,23.8393,23.5735,24.25,23.0413,23.417,23.4317
rps-21;P49197,27.6203,27.6335,27.5532,27.3864,27.7699,27.591
pcyt-1;F08C6.2;Q3HKC4,27.405,27.2247,27.5671,26.7685,26.9206,26.6336
F42G9.1;Q8MNS3,24.8493,25.0371,25.0548,24.6468,24.1916,24.4859
rps-2;P51403,26.3395,25.5795,25.033,22.5532,23.0638,23.0588
rps-2;P51403,28.6117,28.5407,28.3567,22.8753,26.8142,25.6189
rps-2;P51403,28.7019,28.4064,28.3589,27.0916,26.2467,25.3901
rps-13;P51404,24.8232,24.6459,24.3794,23.0997,23.1019,22.5932
rps-13;P51404,24.8232,24.6459,24.3794,22.7836,22.7992,22.9204
rps-13;P51404,23.1557,23.3142,22.8493,22.9054,22.8047,22.8733
rps-13;P51404,23.864,23.1755,23.8601,23.044,22.545,23.0932
cyn-3;cyn-7;P52011;P52015,27.249,27.3082,26.9688,27.496,27.8558,27.5479
cyn-3;P52011,23.2934,22.8968,23.1891,22.9488,22.9318,22.8181
tars-1;trs-1;Q86D21,30.9217,30.39,30.2281,29.2741,28.9159,28.3262
mlc-3;P53014,26.9189,26.7333,26.489,25.9515,26.3213,25.8897
mlc-3;P53014,25.5169,25.0048,25.4981,24.0616,25.0203,25.1926
F13E6.1;P55326,22.8881,23.0336,22.7988,27.3232,26.9468,26.9497
F13E6.1;P55326,26.5365,26.0451,26.5018,26.8418,27.3986,27.242
F13E6.1;P55326,25.3996,25.1169,25.9494,22.8751,23.0851,22.849
F13E6.1;P55326,24.3604,24.246,24.2931,25.9803,25.4799,25.9559
smo-1;P55853,25.0253,25.0364,25.0804,25.8475,25.6245,26.0289
rpl-12;P61866,24.5041,24.3115,24.5585,22.996,23.0935,22.6324
cyp-36A1;P90771,23.526,23.2769,23.4435,22.8817,22.9122,22.5812
cyp-36A1;P90771,23.526,23.2769,23.4435,22.9365,23.0891,23.0418
;P90862,25.198,25.3375,24.8556,24.8123,25.0683,24.7265
ifa-4;P90900,24.4539,24.8772,25.1255,25.8561,25.9643,25.9747
lin-53;P90916,24.258,24.4907,24.24,23.1026,23.0362,22.744
chdp-1;P91027,24.5363,24.5258,24.6058,25.4377,24.8107,24.7972
chdp-1;P91027,25.4983,25.3702,25.559,24.681,24.9875,24.8174
chdp-1;P91027,25.8541,25.9294,25.9176,26.7907,26.3414,26.7442
rpl-13;P91128,22.5767,22.6742,22.6873,23.6976,23.7431,23.7736
rpl-13;P91128,22.3474,23.4596,24.0216,23.1153,21.5578,21.7788
vha-10;P91303,23.0025,22.8734,22.629,24.8434,25.2195,24.1462
rpl-15;P91374,26.7076,26.6985,26.6307,27.6131,27.2006,27.419
;P91482,24.9926,24.8695,24.3347,22.9953,23.0773,23.0151
;P91491,26.7822,26.6789,26.4438,28.7521,28.771,29.2052
usp-5;P91502,25.3521,25.0014,25.1079,22.6957,23.0432,22.274
rpl-27;P91914,27.2483,26.9194,26.9446,25.1647,25.521,25.1823
B0464.6;Q03564,25.8729,25.7122,25.4942,23.0166,21.7821,23.0311
C38C10.2;Q03567,22.6456,22.9205,22.7997,23.5033,25.5851,25.6377
C18H9.3/C18H9.2;Q09237,25.6957,25.5961,25.5993,24.4942,25.2684,25.1224
C18H9.3/C18H9.2;Q09237,26.474,25.5431,24.8271,24.7437,25.3561,24.9692
C34C12.4;Q09269,22.9121,22.8837,22.6804,24.6931,24.5319,24.3985
C56G2.7;Q09289,25.0268,25.6488,25.3993,26.1307,26.3124,27.1702
C56G2.7;Q09289,26.0574,25.7191,26.6254,25.8771,26.338,26.9083
C56G2.7;Q09289,24.8017,25.1832,25.0109,25.125,25.4686,25.194
ufd-2;Q6BEV4,24.4453,24.1064,23.7575,22.9136,22.6628,22.6503
pgam-5;Q09422,24.0823,23.5809,23.7448,23.1184,22.8616,22.939
lgg-1;Q09490,25.2206,25.1624,25.1011,23.0768,23.0593,23.0745
lgg-1;Q09490,22.9463,22.448,22.1822,24.4407,24.0242,24.0855
lgg-1;Q09490,23.4272,22.5537,22.8045,25.0567,24.3465,25.523
rpl-10;Q09533,25.2379,25.2127,25.8179,24.8445,24.8064,24.6791
rpl-10;Q09533,26.9749,26.8336,26.8969,24.2381,25.3684,23.8983
rpl-10;Q09533,26.9844,26.8238,26.4786,24.2381,25.3684,24.5133
ttll-4;Q09647,25.178,24.9632,25.1634,22.9219,22.705,22.8819
tnc-2;Q09665,25.8773,25.9379,25.8247,26.0968,25.6456,26.0078
egg-1;Q09967,22.8923,22.7183,22.783,25.1025,24.8463,24.1861
;Q09EE6,25.1074,25.1447,25.2975,27.3348,26.9913,27.197
T28D9.1;Q10020,24.626,24.8436,25.6531,24.734,25.179,25.5732
T28D9.1;Q10020,22.983,23.0409,24.4392,24.5883,22.0976,23.9434
T28D9.1;Q10020,22.7281,22.9073,22.9685,25.9248,26.1667,25.934
C23G10.2;Q10121,23.406,25.7516,26.2724,25.1588,25.9954,25.6089
F46H5.3;Q10454,26.6985,26.2792,26.7278,27.7977,26.8905,26.5819
elt-2;Q10655,25.3767,25.2103,25.3752,23.0461,23.1126,22.663
hpo-28;Q10956,26.0105,26.2127,25.6558,23.1162,23.0867,23.0921
sodh-1;Q17334,25.9258,25.4857,25.854,23.0235,23.0824,22.8608
AC3.5;Q17405,27.1601,27.2229,27.3137,26.8058,26.5797,26.306
;Q17542,28.0273,27.6458,27.6901,27.371,27.2481,27.5356
aly-1;Q17561,24.6054,24.8699,25.0725,23.0108,23.1139,23.0095
;Q17569,25.5521,24.9878,25.3896,23.0842,23.0842,23.1237
rpl-24.2;Q17606,23.8386,23.7932,24.0636,22.987,23.0063,23.0513
arrd-25;Q17624,29.565,28.9171,29.4341,26.6427,25.7204,25.1835
;Q17644,25.6235,26.3436,26.1649,26.6689,26.3775,26.6086
amt-4;Q17663,24.2178,25.0111,25.1216,26.3722,24.0464,23.6777
;Q17698,22.8037,23.0315,22.4123,25.1222,25.9109,25.7375
hgrs-1;Q17796,25.4096,25.595,25.0681,22.6904,22.9049,23.1184
hgrs-1;Q17796,24.3436,26.0335,26.0843,24.7697,23.8007,25.7195
hgrs-1;Q17796,27.195,27.6401,27.4184,26.9739,27.3743,27.0019
hsp-25;Q86GU1,23.0218,22.841,22.8369,26.3432,23.2439,24.0961
hsp-25;Q86GU1,26.6854,27.6416,28.6802,26.6773,26.2893,25.7269
hsp-25;Q86GU1,26.8402,26.2906,26.3437,22.7177,23.002,23.0144
thoc-2;Q18033,22.7544,22.9536,22.7845,24.8634,24.385,25.699
thoc-2;Q18033,22.8274,22.8574,22.816,24.8634,24.385,25.699
;Q18099,24.9851,24.5974,24.7283,22.4935,23.0106,22.9897
sax-7;Q18100,24.4795,24.3694,24.3516,25.4935,25.0496,25.3484
rpn-2;Q18115,24.4888,24.6346,24.6148,22.9888,22.9371,23.1239
;Q18124,25.2441,24.7897,24.7594,25.7993,26.0488,25.8662
cal-5;Q18136,24.6039,23.9699,24.2628,22.938,23.1037,21.3714
C34D4.4;Q18449,26.2686,26.1815,26.3858,27.0786,27.305,26.8915
;Q18604,22.3512,22.9371,22.7235,24.9431,24.4177,24.8991
;Q18655,26.6474,26.8649,26.6347,25.9919,26.4754,26.3457
pyp-1;Q18680,22.7617,22.8236,22.9137,25.0927,24.9491,24.8829
daf-21;Q18688,26.4797,25.5969,25.7453,24.7221,24.9431,24.9481
daf-21;Q18688,25.9865,25.5969,25.7453,22.9552,22.9254,23.0952
daf-21;Q18688,22.8808,22.9398,22.499,25.0773,25.2737,23.8016
pitr-1;W6RS06,24.4288,24.5755,24.6486,22.7538,22.822,22.6169
;Q18742,24.0025,23.5252,23.8913,24.3728,24.0664,23.5396
;Q18742,24.0025,23.5252,23.1829,22.8579,24.0664,24.5819
;Q18771,27.1803,26.2878,26.0837,25.8375,26.249,25.9042
rpt-1;Q18787,25.8065,25.6885,25.9347,25.5917,25.7747,25.2656
;Q18813,23.9918,24.6343,24.9112,24.9538,24.7195,24.4251
icd-1;Q18885,23.9198,25.5067,25.2137,23.1067,23.1026,22.9143
nap-1;Q19007,23.3241,24.4187,25.401,23.0891,22.3909,22.7698
pgp-11;Q19015,25.3418,25.802,26.026,22.7648,22.8196,22.8634
;Q19107,23.9261,23.502,23.5417,22.9599,22.9495,22.9134
rpl-11.2;rpl-11.1;Q19162;Q94300,27.2201,27.5777,27.5176,25.9495,25.9328,25.6416
rpl-11.2;Q19162,24.9967,24.7402,25.1465,25.626,25.7231,25.9113
rpl-11.2;rpl-11.1;Q19162;Q94300,25.6238,26.0386,25.3905,24.815,24.4202,24.4768
unc-115;Q19240,26.6847,25.7836,26.2823,25.8265,26.0334,25.7048
ifb-1;Q19289,22.9394,22.7561,22.6866,25.2262,25.4718,26.0293
ifb-1;Q19289,25.6668,25.2103,25.6308,28.0182,28.1515,27.744
ifb-1;Q19289,26.5145,26.2096,26.8387,26.2299,26.9456,26.2197
ifb-1;Q19289,27.9951,27.5309,28.2914,26.5917,26.6602,26.5263
ifb-1;Q19289,28.6072,28.2448,28.1761,27.6607,26.7883,25.7527
ifb-1;Q19289,25.6171,26.2409,26.7102,22.9626,22.897,22.8731
ifb-1;Q19289,23.0308,23.0123,22.9012,24.5126,24.7689,23.976
ifb-1;Q19289,22.9107,24.2541,22.5958,22.5581,22.9723,23.0946
ifb-1;Q19289,27.0041,26.7962,26.2441,25.0042,25.285,24.8162
;Q19323,23.9133,24.0705,23.7458,22.8151,23.0328,22.5305
;Q2XN01,23.5996,23.658,23.8289,24.7254,24.9674,25.7405
;Q2XN01,26.8288,26.5741,26.3246,27.4363,27.8197,27.5113
tag-184;Q19545,31.1774,30.7489,30.7297,29.0206,29.0719,29.4892
pab-2;Q19581,25.8539,24.9621,25.2564,23.0284,22.9093,22.8794
vha-12;Q19626,26.8531,26.7989,26.96,26.0075,25.7465,26.7373
;Q19723,23.0529,23.5423,23.0161,23.0664,22.6316,22.9875
inx-3;Q19746,22.9286,22.8937,22.4489,25.449,25.6119,25.2967
inx-3;Q19746,24.5515,21.9855,24.7918,27.1722,28.9001,23.945
snb-2;Q19767,22.7504,22.8241,22.961,25.2917,24.9252,24.888
rpb-8;Q19826,24.5957,24.2385,23.7718,23.0516,22.8718,23.0521
aat-1;Q19834,22.812,21.7659,22.9254,23.0172,22.4531,22.8359
aqp-1;Q19949,23.0044,22.5243,22.7429,24.0389,24.3575,23.6344
aqp-1;Q19949,22.8909,22.971,22.6703,25.0098,25.7834,25.4017
npp-21;Q1NZ34,24.6673,25.0225,24.9816,24.3429,23.9546,24.6346
hrg-4;Q20106,24.4764,24.1848,23.7576,25.4834,25.2943,25.3455
;Q20177,23.9785,24.2961,23.4906,22.9889,23.0336,23.0323
lsm-1;Q20229,25.178,25.0523,24.8322,23.8662,24.3471,24.24
;Q20310,25.1102,25.6772,24.9923,22.3378,23.0364,22.7673
ifo-1;Q20330,25.4771,25.5074,24.7964,22.8354,22.6716,22.9772
tni-1;Q20334,22.7754,22.9302,22.6016,25.8815,25.7685,25.446
F49C12.11;Q20588,23.6478,23.9179,23.7706,24.0516,23.8635,23.9309
;Q20626,24.4091,23.7685,23.1502,24.2866,24.005,24.4657
;Q20626,25.4084,25.5148,25.5101,24.8013,25.2732,24.8606
nmy-1;Q20641,24.2307,23.9815,24.3472,22.893,22.5582,23.0435
nmy-1;Q20641,23.6469,20.9737,23.5587,23.054,22.3694,22.9823
hsp-17;Q7JP52,23.0066,22.9682,22.1428,23.7572,24.7127,24.3639
hsp-17;Q7JP52,28.4379,28.3399,28.8774,27.404,27.4197,27.1415
hsp-17;Q7JP52,25.9823,26.2336,26.2303,24.333,25.7596,24.5722
lec-2;Q20684,25.9222,26.1671,25.8854,25.7321,25.7017,25.1904
lec-2;Q20684,29.167,28.4019,28.8822,29.1735,28.8854,28.5905
lec-2;Q20684,26.49,26.1628,27.085,23.0326,26.1758,26.5312
;Q20716,25.0362,25.1396,24.8895,22.85,22.8458,23.0715
;Q20716,22.6677,22.4519,22.9717,22.0854,22.4226,22.6332
unc-84;Q20745,26.0768,25.7737,25.1942,24.6926,25.1224,24.658
;Q20756,28.1965,27.5118,27.7829,22.6731,23.073,23.0683
F54D1.6;Q20762,25.529,24.9354,25.3656,22.4287,23.1005,22.9484
F54D1.6;Q20762,26.7969,26.0517,26.3405,25.8415,25.7842,25.4294
dnj-13;Q20774,23.9692,24.3151,23.3,23.1085,23.0344,23.0928
dnj-13;Q20774,27.0741,26.4973,25.6627,23.0125,23.0657,23.1323
sdz-21;Q20783,26.6746,26.4109,26.8171,26.2567,26.23,26.6408
;Q20864,24.439,24.8135,24.9925,25.1168,25.0108,25.5647
;Q20864,27.6374,27.3609,27.7219,26.0993,26.985,26.7761
cdo-1;Q20893,22.7851,22.9084,22.8178,23.5065,23.5716,24.1301
col-159;col-160;Q20922,23.0221,22.9135,22.8409,24.2842,22.9239,24.291
npp-9;Q21021,24.3072,24.3805,24.4482,24.4074,24.9816,25.0119
npp-9;Q21021,23.036,22.5146,22.9198,25.2972,25.5586,25.8141
pept-1;Q21219,22.8479,22.6992,22.6491,25.4911,26.1556,26.2951
K04G2.1;Q21230,24.6199,24.3279,25.0846,24.3051,24.7983,24.3476
;Q21405,25.3514,25.4863,25.2711,24.8277,24.431,24.3348
;Q21405,25.3514,25.4863,25.0935,24.8277,24.431,24.3348
;Q21405,25.4947,25.4863,25.2711,24.8277,24.431,24.3348
lmn-1;Q21443,23.0117,22.409,22.7847,24.5059,24.6535,24.291
lmn-1;Q21443,27.0329,26.3728,25.8628,26.0264,26.0091,25.6164
aqp-7;Q21473,23.049,23.1152,22.8376,23.065,22.3315,23.0987
ubc-18;Q21633,22.8557,22.9792,22.568,24.9354,24.6644,24.6712
ubc-18;Q21633,24.1582,23.8707,24.4272,22.3602,23.0927,22.2851
edc-3;Q21740,24.5642,24.1956,23.8002,23.414,24.6399,23.3555
sgt-1;Q21746,29.2055,29.1404,29.2868,27.1032,27.5386,27.421
sgt-1;Q21746,27.6888,27.8092,27.3186,28.0451,28.325,28.5091
vdac-1;Q21752,24.4359,24.476,23.5081,26.1835,26.9204,26.6416
;Q21763,25.2175,25.238,25.0146,23.9082,24.0567,24.058
;Q21891,27.1536,27.1752,27.716,26.3536,26.4331,26.7097
;Q21891,25.9958,26.3928,26.3383,25.4726,26.1894,26.2482
;Q21891,24.5939,24.2638,24.8101,24.5877,24.7649,24.9327
dnj-16;Q22028,23.0289,22.9711,22.7846,24.9937,25.2513,24.3556
dnj-16;Q22028,25.2741,24.8882,24.8539,24.9179,24.9639,25.0823
rho-1;Q22038,26.7247,26.6838,27.4114,26.3511,26.2563,25.9589
;Q22065,26.4254,25.9685,25.7865,25.5521,26.1601,26.0399
mct-5;Q22109,23.0043,22.8959,22.8619,23.704,23.9024,23.724
hcp-2;Q22257,26.8683,26.5933,26.6554,25.8315,25.5234,25.4647
col-167;Q22379,22.0488,22.7083,22.4842,25.4878,25.6226,25.9209
col-170;col-168;Q86NE3,22.8668,22.8555,22.846,24.2486,23.62,24.6367
;Q7JLZ9,26.3522,26.6228,26.409,26.5504,26.1489,26.0208
;Q7JLZ9,26.1438,25.8485,25.9655,25.7188,26.5822,26.5231
;Q7JLZ9,25.0245,26.1155,25.738,24.3996,24.9258,26.3386
;Q7JLZ9,25.1802,25.4567,25.9522,26.4349,26.1747,25.5471
lev-11;Q22866,25.7605,25.3544,26.1474,25.5126,25.6255,25.5686
clik-1;Q23050,26.1666,26.2738,26.1028,26.8572,26.7099,26.8215
clik-1;Q23050,25.3818,25.7648,26.1199,25.2685,25.5628,25.491
clik-1;Q23050,27.3951,28.2335,27.5187,27.4221,27.221,27.4386
clik-1;Q23050,29.2443,29.3268,29.111,28.9966,29.2392,29.0034
rsp-1;Q23121,26.8552,26.6409,26.8817,25.7957,25.5589,24.716
;Q23179,22.7889,22.955,22.8223,25.3304,25.7775,25.4473
rps-7;Q23312,27.9733,27.4324,27.7238,26.9347,27.1978,26.873
fzo-1;Q23424,25.5343,25.1963,26.1941,25.9221,24.9389,25.772
rad-23;Q23451,22.9719,22.6894,22.9437,24.3142,24.7025,24.8949
rad-23;Q23451,25.0786,24.923,24.8682,30.095,29.717,29.6237
lin-37;Q23482,23.7329,24.004,23.342,22.9917,22.9291,23.1407
inx-8;Q23593,26.8329,27.1766,26.6899,26.9755,26.8745,26.6901
inx-8;Q23593,24.637,24.7952,25.0558,23.7402,23.9156,24.2518
inx-9;Q23594,26.6088,26.6566,26.2814,25.7416,26.3189,24.9386
nlt-1;Q23655,26.6574,26.7962,27.0865,26.9077,26.684,26.703
nlt-1;Q23655,24.852,24.4559,25.1683,24.9328,24.1868,24.3518
rop-1;Q27274,24.4144,23.9748,23.3792,23.0918,22.4181,22.2198
mup-2;Q27371,22.971,22.8467,22.9669,23.6027,23.4012,23.7535
htz-1;Q27511,26.7277,26.8472,26.7836,26.5166,26.5309,26.4421
htz-1;Q27511,31.398,30.9484,31.2379,31.1261,30.8441,31.0303
vamp-8;Q2EEN5,24.8025,25.3305,25.5075,25.2136,24.8521,24.6058
;Q564Y2,25.1487,22.2391,23.3287,23.1019,22.1749,21.6504
;Q564Y2,26.0596,26.1504,26.3332,26.433,25.3142,25.0196
;Q564Y9,24.3658,24.4975,24.2954,22.9137,22.4035,23.0003
;Q5W7A3,22.1684,21.0478,20.6259,22.2878,23.0189,22.8679
;Q75MI6,26.5992,26.7005,26.3983,22.5616,22.4692,22.7548
pab-1;Q7K798,24.7664,25.0535,24.6391,23.0681,22.5521,23.0776
pab-1;Q7K798,24.465,24.5988,24.0631,23.0295,22.942,22.8813
;Q7YX43,25.3957,25.4033,25.8206,23.0704,23.1067,22.9161
tnt-2;Q7Z072,22.7552,23.0254,22.7685,24.3042,24.6777,24.5242
pqn-89;Q86DD5,25.9038,25.7736,25.6221,24.198,26.38,26.7871
col-166;Q86FL7,23.0334,22.4285,22.7713,25.9355,25.9059,25.6729
;Q8I4C0,26.8666,26.9085,26.0389,26.4061,27.1981,26.5937
;Q8I7G0,22.614,22.9649,22.4645,25.2171,25.5874,25.2312
prdx-2;Q8IG31,22.536,22.9754,22.8868,24.2966,24.5738,24.3026
prdx-2;Q8IG31,25.8951,26.1655,25.8178,26.4933,26.8589,26.5421
;Q8MQH0,26.0588,25.6025,25.5255,26.2697,26.6914,26.1773
mdf-2;Q8T870,23.3371,24.3215,24.4606,23.077,23.0119,23.0552
rps-20;Q8WQA8,22.8725,22.617,22.9109,26.1778,26.9801,26.4893
rps-20;Q8WQA8,27.3107,28.4096,28.6362,26.0305,27.6202,27.2478
rps-20;Q8WQA8,27.1936,26.8082,26.7936,29.1301,29.4667,29.1597
;Q93156,24.2199,23.7767,24.8723,22.5627,23.1102,22.8013
;Q93168,24.2188,24.6206,24.6651,22.9401,22.7612,22.8634
;Q93211,26.6131,26.7822,26.4729,25.6801,25.949,25.932
;Q93213,24.6308,24.9104,24.5302,22.8545,22.933,22.9293
cytb-5.1;Q93315,22.751,22.9228,22.7735,25.0805,24.8293,24.8972
;Q93333,26.7115,26.4831,26.3677,25.6098,25.527,25.5368
rpa-0;Q93572,28.5553,28.2155,28.6642,27.8576,27.8901,27.8861
rpa-0;Q93572,25.7244,25.925,25.7884,26.1712,26.3959,26.5269
gst-24;Q93694,26.8166,27.9747,27.5555,28.3221,28.8476,28.959
ned-8;Q93725,26.121,25.5784,25.9029,25.2371,25.3352,25.8796
ned-8;Q93725,27.0825,27.3469,28.0266,26.3699,27.0652,25.5278
ent-2;Q93871,22.9726,22.7478,22.9279,24.3976,23.9379,23.9047
mct-3;Q93896,23.0305,22.7298,22.9569,24.1524,24.4265,24.3295
cav-1;Q94051,30.6236,30.7862,29.9192,31.4703,31.5661,31.7271
cav-1;Q94051,28.4242,30.0301,29.4318,29.7198,29.7269,25.2057
cav-1;Q94051,22.9447,22.9543,22.915,24.6308,25.0577,25.2057
cav-1;Q94051,28.9358,28.6642,28.782,29.9616,30.2639,30.0678
cav-1;Q94051,26.95,26.8076,25.9538,26.7813,27.8159,27.6172
rab-10;Q94148,22.5559,22.8519,22.8117,25.17,24.9543,25.3563
rpl-11.1;Q94300,22.4077,22.9106,22.7243,25.9074,25.6815,26.1368
ubc-9;Q95017,24.2504,24.6613,24.3725,22.4268,22.4929,22.8989
such-1;Q95Q00,22.9163,23.0142,22.144,29.9293,30.2477,29.9225
;Q95Q93,26.8003,26.3333,26.667,23.0717,24.67,23.8708
;Q95Q93,28.9802,28.8759,28.428,26.72,27.5681,27.294
;Q95Q93,26.0921,25.623,26.0033,24.4644,24.8625,24.8306
pat-12;Q95QA6,22.6924,22.5671,22.89,24.5375,24.8545,24.8402
pat-12;Q95QA6,26.1001,26.219,25.7719,24.4086,25.0958,24.7812
;Q95QF1,25.1251,26.5013,25.9204,23.877,24.1039,25.1028
;Q95QF1,22.5534,22.8045,22.9405,25.7248,26.6754,24.9649
brap-2;Q95QN6,27.9991,27.4379,27.7746,28.0791,27.76,27.8042
brap-2;Q95QN6,28.0999,27.5608,28.2857,27.3876,27.7468,27.5495
brap-2;Q95QN6,29.1544,28.9316,29.0394,28.1104,28.6594,28.2046
brap-2;Q95QN6,28.1593,27.6369,27.8468,25.9631,26.0891,25.9863
vha-8;Q95X44,27.5366,27.7183,27.6597,27.4951,27.3124,27.7221
;Q95XJ9,23.0015,22.9185,22.8929,25.5355,24.7551,25.9781
epg-2;Q95XR4,27.9249,28.4341,27.8076,27.8591,27.8298,28.3414
;Q95XR6,25.368,25.383,25.6749,22.9712,22.8601,23.1099
wwp-1;V6CJJ8,26.1799,26.2584,26.0627,23.0766,22.9977,23.1081
ubc-13;Q95XX0,26.3586,25.8286,26.0753,23.1054,22.7238,23.0659
ubc-13;Q95XX0,23.0548,24.2738,24.928,26.8673,27.181,27.5072
;U4PC73,24.1076,23.7587,23.8095,24.4034,23.5687,23.7835
rpl-9;Q95Y90,23.0335,22.7914,22.9569,22.4274,24.5895,23.7492
vha-16;Q95YD5,24.2966,23.9571,23.5623,22.9382,23.0193,22.9293
cgh-1;Q95YF3,22.9125,22.8037,22.4594,25.1544,25.22,24.6248
act-4;Q95ZL1,25.4296,25.1326,24.8911,25.0761,24.6629,24.7255
act-4;Q95ZL1,26.677,26.1716,26.4536,26.0539,26.2073,25.9444
;Q965K6,24.7786,24.7705,25.089,24.2815,23.3916,23.5728
;Q965Z3,23.0211,23.0346,22.9606,23.999,24.1168,24.2671
;Q966C7,23.5461,24.0856,23.2382,22.6874,22.9932,22.9898
epn-1;Q9BI72,26.5791,26.1771,26.4044,27.9777,27.8149,27.6707
;Q9BKU6,22.7131,22.8205,22.7479,22.3551,23.6164,23.0999
;Q9GYP5,22.9214,23.006,22.9836,25.5665,25.9248,25.2219
ntl-4;W6RRU8,25.0452,25.619,25.223,22.8944,23.0741,22.5657
;Q9N321,25.9622,25.9529,26.0877,22.9144,24.1511,24.4199
cct-8;U4PBK9,25.1605,25.3934,26.0058,25.2519,24.6189,24.5093
;Q9N370,25.1451,25.6742,25.4575,25.9241,25.8946,26.015
;Q9N370,22.7574,22.8369,22.8302,25.5099,25.7489,25.9583
;Q9N370,26.6309,26.6064,26.5064,27.4677,26.3124,26.3734
;Q9N3D0,27.1421,26.8679,27.0418,25.0588,25.1312,23.991
;Q9N3G2,25.1037,25.3521,24.9052,23.4228,24.6895,24.9384
inx-22;Q9N3R5,24.189,23.8917,23.9412,23.7667,24.5655,24.2169
csn-3;Q9N425,24.9471,25.0236,25.5324,24.8692,24.267,24.1852
snr-7;Q9N4G9,24.684,24.8699,25.2991,24.6411,24.3456,25.1332
rpl-10a;Q9N4I4,22.9015,25.5087,24.0805,22.6352,24.251,24.7018
anc-1;Q9N4M4,25.3092,25.916,25.1707,24.6906,24.0797,24.433
swsn-6;Q9N4N4,24.1931,24.5257,24.6498,22.8775,22.5901,22.8305
aat-9;Q9NA91,22.9033,22.92,22.8147,26.0072,26.3872,26.0523
fat-1;Q9NEQ0,28.6486,28.1697,28.3992,22.7718,21.8499,22.8152
png-1;Q9TW67,25.1364,24.7086,24.6239,22.5524,22.6512,23.0625
ubxn-1;Q9TXH9,24.0552,23.555,24.1272,22.5816,22.9406,22.9578
eif-1.a;Q9TXU7,22.9648,22.7905,22.8899,23.5043,24.1208,23.9977
ftn-2;Q9TYS3,27.5829,27.0657,27.2396,26.676,27.3032,26.3438
;Q9TYY8,23.4454,21.0523,22.8575,23.0663,22.8737,23.0633
lsm-3;Q9U1W8,22.8392,22.5887,22.9337,23.3127,23.8242,24.1955
haf-7;Q9U275,25.7722,26.1251,25.8829,26.084,25.8982,25.4186
rab-35;Q9U2C3,22.7793,22.7326,22.4859,23.4118,23.8205,23.8606
eef-1B.2;Q9U2H9,24.6302,24.9304,21.4669,24.8706,25.0004,24.4936
fkb-2;fkb-8;Q9U2Q8,23.0217,22.8066,22.9487,24.0111,24.5105,24.1722
;Q9U5C1,26.8985,27.2628,26.9086,26.1509,26.1489,25.7664
;Q9U5C1,31.353,31.5387,31.4864,29.8675,29.2352,29.5686
rab-1;Q9UAQ6,24.2575,24.8015,25.3428,24.199,24.6608,25.7805
rab-1;Q9UAQ6,26.5945,25.7965,26.1928,25.7373,25.7128,25.9543
mct-2;Q9UAT3,26.8789,27.0207,27.3939,26.875,26.6177,26.328
mct-2;Q9UAT3,25.9905,25.4278,25.3043,25.2208,25.3311,25.4069
let-805;Q9UB28,26.1683,25.9137,26.1287,25.3149,24.4006,24.9772
lem-2;Q9XTB5,25.8846,26.0014,26.0454,25.7877,25.8469,25.4798
rpt-6;Q9XTT9,21.4502,24.9484,24.6089,23.1127,22.7996,22.9371
;Q9XTZ4,24.7689,25.1715,24.061,23.005,23.0198,22.9238
rpl-14;Q9XVE9,28.098,28.6322,28.3926,28.6692,28.6115,28.5491
rpl-8;Q9XVF7,26.3587,25.9545,26.2842,26.8678,25.5505,25.9453
rpl-8;Q9XVF7,24.883,25.418,26.0952,23.615,24.457,24.3846
rps-15;Q9XVP0,22.4632,22.8627,22.6245,26.214,25.924,26.1045
otub-1;Q9XVR6,22.9808,23.02,22.6465,23.0096,22.857,23.5448
car-1;Q9XW17,25.8114,25.4424,25.3223,25.3188,24.9276,23.8718
car-1;Q9XW17,26.7283,26.1313,26.337,22.606,22.7424,23.069
car-1;Q9XW17,22.9878,23.9886,23.6989,23.0503,24.8011,24.4061
car-1;Q9XW17,22.9664,22.9049,22.874,24.7649,23.8247,24.0851
car-1;Q9XW17,27.1933,27.1896,27.1313,27.2714,27.1698,26.8735
;Q9XW20,23.5035,22.8439,22.5574,23.0083,23.1033,23.142
;Q9XWC5,22.9704,22.88,22.9657,25.2647,24.9575,25.443
eif-3.j;Q9XWP7,24.7389,24.3917,24.6213,24.8366,24.7769,24.5995
Y37D8A.10;Q9XWW1,24.0594,24.4046,24.5454,24.0752,23.7161,23.8733
;Q9XX62,24.9976,25.162,24.6946,23.1154,22.6833,22.8607
;Q9XX62,26.3037,25.4553,25.3564,23.2913,23.9582,24.7595
vha-11;Q9XXU9,24.7426,24.9627,23.6057,23.0996,23.0717,22.9792
icd-2;V6CKR1,25.4509,25.3596,25.5354,26.5047,27.2917,26.9457
;X5LX59,26.1089,26.3305,26.2664,25.7403,25.6605,25.5006
