Proteins,daf2_d5_01,daf2_d5_02,daf2_d5_03,daf2_d5_04,daf2_d1_01,daf2_d1_02,daf2_d1_03,daf2_d1_04,daf2_d10_01,daf2_d10_02,daf2_d10_03,daf2_d10_04,daf2_d15_01,daf2_d15_02,daf2_d15_03,daf2_d15_04
G5ED33,21.7283,19.1263,16.9484,19.5784,26.4047,26.7502,25.6981,25.15,23.4587,24.0664,23.1137,25.0985,24.7874,25.02,24.5148,23.6856
G5ED33,21.0619,19.4139,18.8798,20.6509,25.3984,26.2714,22.5561,25.9233,25.0749,25.3106,24.0962,24.1866,23.5194,24.1715,23.8636,24.1473
G5ED33,19.8681,19.7115,19.4418,20.2652,23.8377,23.445,23.0266,24.8074,20.0707,21.7295,21.2479,20.9707,19.0158,20.0399,20.9728,21.2806
G5ED33,17.3168,17.2941,18.3084,18.8222,18.7979,17.9392,20.3093,20.6005,20.4936,20.3288,19.9947,21.4875,17.7554,20.1916,19.9996,18.449
G5ED33,14.24,16.2222,17.0743,15.9533,23.6389,24.2897,24.7304,24.1662,24.1916,24.2188,25.0236,23.9262,24.1164,23.7851,23.4222,23.0601
G5ED33,18.8236,17.8722,17.8891,18.4586,18.0559,18.292,17.6013,18.6678,23.3225,23.5801,24.0032,24.7963,23.8429,23.1984,22.3761,22.8616
B3GWD8,18.6804,19.5573,17.7639,17.7995,17.632,19.3657,18.0831,17.2284,19.715,20.1627,19.7253,17.7271,18.7951,19.3143,21.3415,19.1342
B3GWD8,17.9553,19.3841,18.7385,18.1227,18.4499,19.4154,20.0343,20.7251,20.1273,18.8333,20.6156,20.7385,19.963,17.7262,21.0365,20.5899
Q3S1I9,21.5334,18.8672,17.4174,20.5942,19.1311,19.4345,14.2751,18.4942,19.9088,20.3734,19.7662,18.8902,20.1555,21.0436,20.5461,17.5459
Q3S1I9,20.6548,18.3746,18.1842,19.5638,18.8384,18.4484,18.2648,17.5428,23.2732,23.2923,23.206,21.6354,17.2498,20.9428,21.0508,18.4893
G5EDF9,20.7985,18.0818,17.7649,18.1729,19.5352,19.2865,16.8267,16.7708,21.0697,18.4201,20.6069,17.6945,19.1434,20.2455,20.667,19.6401
G5EDF9,16.7509,19.2432,19.3601,18.186,19.6254,17.7227,18.0937,19.1357,24.0194,23.5051,25.0464,23.7446,16.9269,20.7184,19.8914,17.7498
O16293,20.4965,17.461,18.4456,20.8863,20.4288,16.8812,15.7731,17.6074,18.0751,18.7711,20.6488,21.2028,19.1007,21.2447,19.289,19.7215
O02147,17.6753,20.5418,20.7526,20.047,16.6471,16.5986,17.5232,15.7265,19.7207,20.0292,20.1321,18.9615,18.6832,19.1102,20.6793,18.719
F3Y5Q3,25.0103,25.9812,23.979,25.2222,23.5195,24.0505,23.9401,24.3921,19.6122,20.2148,18.0652,17.908,16.6789,20.1247,20.0422,18.748
Q9N350,18.6843,18.4944,16.3741,18.5412,17.9925,18.1336,17.8698,16.0204,20.9087,21.0456,18.8889,20.9297,19.1539,20.3531,20.2152,20.2314
Q9N350,26.0506,24.1159,23.8858,23.7103,18.223,16.7634,18.7061,18.8272,20.7289,20.8271,17.8641,20.2752,18.8699,18.4687,20.1066,19.228
A5JYX4,25.1179,24.7363,28.4675,25.764,17.6546,18.8981,15.447,18.3201,24.3233,23.7163,25.2255,24.9766,25.44,25.662,25.8266,24.9303
A5JYX4,20.4409,17.8599,18.6158,16.5709,18.6665,18.1172,18.8853,17.6799,16.9215,20.8291,18.5689,17.5726,20.132,21.7808,18.9932,19.2551
A5JYX4,17.7355,20.8947,18.7167,19.7196,19.0056,15.6309,19.8691,17.671,18.7675,21.2906,19.7683,19.8006,16.0522,20.3897,19.817,19.9238
A5JYX4,16.8127,17.8255,18.3202,17.4077,16.4654,17.3029,19.1918,17.068,19.9208,19.6788,20.624,19.3097,18.5103,21.7444,19.5785,19.3377
A5PEY0,24.0885,22.7041,24.1687,24.9735,17.3816,17.7264,17.8202,16.5209,23.9962,23.2687,23.9294,23.2499,25.0144,26.2196,26.6622,25.2368
I2HA81,24.822,25.496,25.6175,24.0186,24.0944,26.341,25.3171,25.1258,26.6646,26.4748,26.3452,27.645,26.1084,25.2943,24.7101,27.3164
A5Z2W7,24.2428,23.907,24.9455,23.5612,18.647,20.0237,17.5179,17.5502,17.7726,18.2734,20.4585,20.4723,24.85,26.1873,25.1369,25.3771
A5Z2W7,20.2105,14.3474,17.9709,18.8384,17.4493,16.6851,19.2948,20.4206,21.5593,17.0292,21.4996,19.307,17.2929,20.6773,19.6286,20.7095
A6PVA5,20.8349,17.6821,17.1269,18.2947,19.5992,17.1533,20.0019,17.3718,18.9086,21.3799,20.2667,19.8195,17.8576,20.0067,20.2908,18.2716
Q20621,19.1263,16.5937,17.5827,18.7088,16.7016,18.5542,17.5189,17.9472,22.6514,23.104,23.7628,22.7157,21.1221,21.2677,21.1657,22.8519
A7DT41,20.0296,15.0793,18.7321,18.674,16.0578,19.7925,18.7766,19.1982,20.1883,19.6343,21.16,19.2958,20.1947,19.2356,20.6366,20.3541
A7DT41,21.1173,18.8486,15.9781,18.392,19.3238,17.7215,19.1374,17.0103,20.2723,20.4241,19.2049,19.9651,22.6025,22.2099,23.0785,21.3064
A7DT41,16.7221,18.8498,21.0873,18.8114,21.955,21.9151,22.3214,22.7479,20.1812,18.7859,19.2332,21.1964,18.2015,18.3157,18.3216,18.69
A7DT41,21.6784,21.8198,22.3841,20.8957,17.7618,18.0225,19.0974,18.7176,20.1459,20.6361,20.3375,19.084,22.9246,23.9797,23.2708,22.5694
A7DT41,19.8239,17.6665,18.8585,17.2972,17.0682,18.5915,19.2448,17.8919,18.0656,19.5896,17.8924,19.941,21.6223,21.3458,19.3817,18.9936
A7DT41,17.9234,19.2442,19.9297,18.7569,21.7963,23.2136,24.5772,21.9635,20.0623,20.6884,17.9407,19.6798,19.8265,18.5372,16.9959,20.3545
Q9XWW2,19.2714,18.2567,17.4975,16.6185,17.3944,16.3736,16.7751,17.9778,19.5653,20.4783,20.4591,20.9831,20.4138,20.6969,18.6047,19.3115
Q9XWW2,19.697,17.1417,17.8927,18.2445,19.3277,15.9895,18.3958,19.0922,19.6154,17.6361,21.7057,19.5465,18.2866,19.8391,21.5308,20.9095
A7LPD6,19.0002,19.8925,15.6092,20.0064,15.9451,19.6048,19.3003,18.7618,18.2726,18.4019,21.0619,20.4002,20.8021,18.6108,21.4502,19.943
A7LPD6,17.4404,20.4334,14.4332,15.3696,23.7459,23.6288,24.0346,22.4553,21.1354,18.4259,17.9262,18.2997,22.5658,23.7734,23.3864,24.543
A7LPE6,19.3542,18.0642,17.03,17.5164,18.0096,18.2239,17.8341,18.1462,21.398,19.5393,21.908,19.5867,17.7102,19.6702,19.2313,19.1203
Q5FC71,19.7067,17.1465,17.943,18.0799,19.1099,19.8583,21.344,18.6697,18.5302,20.0445,17.1038,19.8032,19.8956,19.9982,19.3812,20.4882
Q5FC71,18.7688,16.6564,18.0709,16.9071,18.3516,17.533,18.6161,17.6739,24.4637,23.5549,23.4291,23.5381,18.2681,18.1544,19.9249,17.3854
Q5FC71,23.9384,25.3617,23.8403,24.2831,15.6631,18.0475,17.4507,18.2885,18.4799,21.7987,20.2574,21.0936,20.9254,20.1818,20.987,18.1146
Q5FC71,27.855,28.1488,28.5958,28.1301,17.8397,18.9099,16.8287,18.0884,26.6136,26.3489,27.4005,25.299,26.1607,25.7528,26.0474,26.7204
Q5FC71,29.4493,30.9056,30.3057,30.0428,27.0045,28.323,25.8017,27.5357,29.5549,29.2163,30.4315,28.5097,27.1809,28.337,30.6158,29.3041
Q5FC71,20.2914,17.1102,18.526,17.7471,16.2716,17.2125,17.2737,16.6483,19.7943,21.0468,19.4367,20.404,20.2073,20.0412,19.5822,18.7399
A8WFH7,23.9877,22.8495,23.6823,22.8308,22.5643,24.0001,21.6725,22.8817,23.6211,23.5293,24.8926,21.5559,23.3037,24.2573,24.3991,24.1401
A8WFH7,22.9005,24.0089,23.7107,23.8066,19.6347,17.606,15.6609,17.1459,24.8241,25.5737,24.1082,25.2168,26.8728,24.5494,23.3343,26.4388
A8WFH7,18.9813,19.3075,18.9286,18.4037,17.1084,18.2615,19.0927,17.0435,25.6825,24.4848,25.3589,24.8275,20.0259,21.6593,20.1693,19.1683
B0M0N4,23.3067,22.962,20.647,23.3457,23.2087,23.6756,25.4263,24.2614,23.645,23.5373,24.3177,24.6165,18.0847,18.9521,20.2411,17.3731
B0M0N4,19.4698,19.3389,19.1964,20.0044,16.6639,18.6498,17.8201,19.4437,18.1366,19.9326,20.6484,21.2382,19.5514,20.8068,19.826,16.4835
B2D6M4,25.2964,24.643,23.4756,23.7722,23.673,25.2946,26.4505,24.4428,19.7694,20.7445,19.7443,19.912,22.7578,23.1097,24.3148,22.9021
B2D6M4,20.0384,18.987,18.634,18.2785,16.5856,17.4055,20.2348,19.3342,18.9094,20.1224,16.3753,20.9512,17.253,18.1076,20.2682,18.1702
B2D6P1,18.8033,18.9855,17.1526,18.3365,17.5904,20.1226,17.9621,17.7316,17.4413,20.5889,20.9487,18.644,18.2705,21.3844,18.7737,19.5105
B2D6P1,16.4583,17.7869,16.6166,19.8956,18.9014,17.8063,20.1686,18.9247,20.2365,20.4078,18.3202,18.7563,20.158,20.9217,20.3969,20.0411
B3CKG1,22.1512,22.4292,23.1817,22.2618,19.2642,16.4014,19.5197,20.0294,23.4617,23.0401,22.0858,22.5014,20.266,21.0645,20.6188,20.4849
B3WFT8,23.7907,23.3437,22.6138,24.1685,18.0307,16.8844,17.1375,16.373,22.7022,21.3557,21.4743,22.1535,18.4821,19.8177,20.006,19.644
E1B6S9,20.0604,18.5421,18.2087,17.9884,18.6026,16.8641,20.0172,19.0598,18.345,19.5884,17.9881,19.7795,19.9847,18.3855,19.8987,19.0092
G5EC65,17.6085,21.5815,18.2598,20.1804,18.1164,16.0998,18.1509,19.4079,20.0809,18.0834,19.3113,19.774,20.3845,19.0909,20.7047,19.6353
B3WFW7,16.9503,18.0369,19.4504,19.9794,21.3602,17.5718,18.9167,18.854,19.7005,20.3745,18.0215,19.3774,19.7862,20.9401,20.1099,19.6194
B3WFY5,16.5449,18.2842,18.7127,20.5999,16.4401,19.6351,17.1878,16.9072,19.32,20.7823,21.242,18.9441,23.4149,23.7315,27.1289,24.315
B3WFY5,18.7586,19.4052,18.8725,19.8658,18.1912,17.2033,17.195,18.0567,23.8211,23.3181,24.1166,21.8166,19.3582,20.4076,20.0051,18.2451
B3WFY5,19.9826,18.4677,18.3284,16.243,17.9842,19.554,16.4702,21.4069,19.6776,20.0635,20.6625,19.2994,21.9279,21.1901,21.2037,22.1223
B5BM23,26.1089,25.7739,28.2667,27.87,17.8374,16.927,18.273,18.5831,19.2565,20.5214,20.8073,19.2984,17.7966,19.0075,19.8149,20.4367
B5U8N2,17.2964,19.4821,17.8265,21.8554,19.4225,17.1692,17.3141,17.4451,20.794,17.0792,20.0665,17.8365,19.3527,18.7334,19.0145,19.3477
B9ZSG9,20.5432,18.5417,16.7774,17.5947,16.1226,19.1411,16.9976,16.6789,21.2892,20.9302,20.5808,19.112,19.674,20.0255,18.6412,18.8489
C1P636,17.3157,18.8478,18.1833,21.483,25.7144,26.3304,25.4538,25.8301,28.1097,27.49,29.1203,26.5139,27.7008,26.7488,27.4769,27.3912
C1P636,18.7508,19.4518,18.9647,18.3812,15.9196,19.7251,17.0032,19.9054,20.6987,20.4937,19.9295,21.1422,22.9692,26.3648,25.376,24.413
C1P636,25.1877,25.0023,23.1957,25.4774,25.064,24.3155,24.5389,24.8321,27.9025,28.8274,29.1852,26.7635,25.8866,25.6956,26.2341,24.5328
C1P636,18.2157,17.5293,18.0968,18.5673,16.7576,21.2111,17.4887,18.5936,19.5016,21.754,20.7256,19.0557,19.2177,20.1429,19.4047,20.8035
C1P636,18.1637,16.9372,18.2516,18.6327,17.6087,20.229,17.1308,19.6554,20.6485,18.7298,20.203,20.8085,17.9553,21.2553,16.7793,21.7272
C6KRI9,20.1961,17.7619,16.2799,16.1577,18.1693,15.0907,16.4394,17.5768,19.2445,18.5205,21.3972,19.5055,20.7414,21.158,19.3679,21.1913
C6KRJ1,22.8552,24.3563,24.4903,25.2138,24.4326,24.4605,26.4846,24.3524,23.5737,22.4739,23.5811,22.3814,22.949,22.8606,24.4534,24.4054
C6KRJ1,17.9909,18.3753,18.5884,18.469,19.424,20.1725,20.1467,18.7584,18.4022,21.0043,20.3874,18.524,21.2327,21.8295,18.2657,17.4938
C6KRL2,18.5573,19.2276,18.4827,18.1175,16.7956,21.8184,19.1989,18.2664,21.1565,19.3807,15.6495,18.3946,21.0431,20.7774,19.4863,20.2261
C6KRL2,18.0508,19.8054,17.1838,19.3248,20.7082,20.0066,18.1155,17.9902,19.3761,18.9591,20.0725,19.869,17.5634,20.2593,20.2766,20.7387
C6KRL2,21.1684,19.499,17.901,19.3144,18.1465,19.0307,16.6751,18.8534,19.2015,20.1216,22.0081,18.1704,19.5013,20.1225,18.5821,19.3218
C6KRN1,18.4859,16.9813,17.0374,21.0926,19.3306,15.8292,18.8088,20.5486,20.5858,20.6337,21.9644,19.1441,20.4915,21.1809,20.6294,18.8108
C6KRN1,16.6547,18.5443,16.0815,17.7385,17.6828,17.5006,16.4275,16.0409,19.2687,18.887,21.353,20.6831,18.7834,21.633,19.4782,20.5855
D0Z5P0,21.092,16.867,20.6727,19.494,16.9003,18.0781,19.6056,17.9194,18.9025,20.0222,17.0252,17.7482,17.7092,20.7841,18.4649,19.1874
D0Z5P0,17.5716,16.7928,19.0841,19.1684,16.6548,16.6767,20.199,18.4508,20.3732,18.9264,19.9212,20.9562,19.2621,19.6182,17.6342,18.4357
Q22832,22.2082,20.8246,22.7351,21.787,17.5687,16.2136,16.8627,19.8625,23.4199,24.9452,23.9638,25.6489,23.0937,23.0485,24.3155,23.4028
Q22832,23.3504,23.7692,24.3282,21.7121,20.3867,20.2048,20.7456,22.3366,20.1997,20.919,18.7993,19.2352,19.5397,19.2291,20.6574,16.6171
Q22832,24.3427,24.89,26.2767,24.6906,22.8951,23.158,24.4768,22.887,26.268,25.7124,25.4438,26.2238,19.6961,20.9385,20.2637,19.0692
Q8WQB8,19.0928,19.653,20.7014,19.2429,17.5912,18.6467,20.4481,18.8304,20.2393,19.0665,19.1256,19.5508,18.7886,18.4448,21.4132,19.2394
D5MCQ2,17.9227,19.9393,19.5391,17.3401,18.3212,17.9172,16.3847,18.5122,19.579,19.5669,20.1508,20.3804,18.8687,19.5902,20.3204,20.0103
O17698,23.0391,22.009,20.2045,23.8427,21.9131,23.5392,22.5392,23.2833,23.0172,23.0852,22.3995,22.8542,18.7278,20.6151,17.9973,19.6184
D5SGZ9,17.8236,16.838,17.7001,18.4325,19.1785,17.4938,18.295,18.9011,19.935,18.4787,20.805,19.5039,19.629,20.1536,18.6924,18.8233
D5SGZ9,18.5782,19.1054,18.9314,19.7368,16.3839,17.2058,19.7448,17.9061,19.6082,19.2474,20.6448,19.3938,21.2519,20.2825,19.9894,20.569
D5SGZ9,19.2124,18.363,19.9581,18.6648,17.9832,17.359,18.4486,20.0378,19.1052,20.1635,19.878,19.4577,18.5031,21.0808,19.748,20.0726
D6R8W5,18.6919,16.7921,18.383,17.8697,16.2043,19.325,18.8588,18.2469,18.7703,19.1535,20.9391,18.0989,18.7895,19.6993,19.6063,21.8178
D6VPA0,18.6233,17.6865,16.5484,19.3795,22.7379,22.7649,23.5545,21.8104,19.9202,21.212,20.5429,18.8169,18.5305,18.1271,20.5708,18.6003
D7SFI3,19.2424,20.1849,18.4733,19.7762,18.0334,18.1742,16.4381,18.748,17.9935,21.0319,19.2685,19.2352,19.3525,18.9399,18.8102,17.7072
D7SFP5,18.4406,18.876,19.9751,19.434,18.3499,18.5536,18.3749,16.3886,17.5361,20.6916,20.4381,20.0837,18.698,19.2478,21.2026,20.6352
D7UU24,18.7199,20.1057,19.7472,17.1511,18.8284,20.5203,20.2781,17.8555,23.8706,24.1351,22.1479,23.6812,19.3703,21.7601,19.0059,20.1663
D7UU24,20.6186,16.3164,19.3272,19.9648,17.3079,19.172,20.3262,16.5919,20.8144,18.4134,19.781,19.9008,21.2234,17.7946,19.5148,20.2606
Q9U3I3,17.917,17.5194,19.6139,19.1015,17.7135,17.859,19.0451,19.3164,21.4202,18.3918,20.6223,18.1174,21.0144,17.4525,20.1776,20.5172
D9PTP5,18.9501,17.4877,17.3676,18.2004,18.8612,17.8201,18.1309,16.5825,21.3794,18.8338,20.6033,17.5842,19.6057,19.7345,20.7807,19.4985
D9PTP5,18.1982,17.1095,17.5436,18.7706,20.2684,17.699,20.4096,18.5692,17.9506,19.7131,18.6295,21.321,21.5702,18.5996,19.8316,18.8321
D9PTP5,20.1563,20.0681,17.6404,19.7356,19.5603,18.3735,16.5895,19.2143,19.5957,19.3379,18.9544,17.9852,19.1157,20.9234,19.1571,20.6332
E0AHE1,19.4613,20.0602,20.3536,18.6439,19.6904,19.4901,17.4837,16.7939,20.1349,20.1904,20.0307,20.1971,19.9896,19.5121,19.4418,18.0267
Q20396,20.207,18.4441,19.9087,18.6184,19.1852,18.9676,17.9874,17.431,15.9964,17.8043,21.2685,21.0347,23.9415,23.2762,24.6398,24.7561
E1B6S4,19.3829,16.8624,17.6904,18.9784,18.79,17.7108,16.7027,19.9953,20.6258,20.4695,21.9238,21.3326,19.254,16.5689,19.9233,21.1081
E3W759,18.844,19.4638,17.8415,16.8116,18.4991,16.1048,18.2855,16.7717,20.0027,18.087,21.1002,19.7556,23.0788,23.7842,23.5999,23.6614
Q21162,17.7303,18.5051,18.7712,15.91,18.359,19.9653,18.6789,18.5958,17.0183,20.2579,19.0157,19.9134,17.8676,19.9636,20.303,21.3869
Q21162,19.632,18.302,16.8884,19.3154,18.4185,21.5596,20.1891,20.575,19.7342,18.0149,20.5729,18.7108,21.4918,20.1998,20.3549,19.7311
G3MU81,19.7266,19.6806,18.2704,18.2835,17.8894,15.9537,19.4495,18.4656,19.3363,20.5608,17.4277,18.6416,21.8997,21.3468,21.3703,22.3275
G3MU88,20.7127,17.5306,18.9406,18.4541,16.6329,18.152,16.8299,19.4845,19.6873,18.1776,19.1534,16.6644,17.4973,21.0118,20.6951,19.3674
G3MU88,17.0123,17.2836,15.5761,18.3164,19.9605,20.4658,17.8436,17.9719,20.397,18.7045,21.274,19.117,20.1175,19.8538,17.8352,19.1362
G4RTI0,18.3542,20.6857,16.5845,19.0903,18.6638,18.7681,18.9537,19.6357,20.118,19.5876,17.9983,18.0685,19.4735,18.2685,17.8493,19.278
G4S034,23.3165,22.8442,25.8596,23.1726,21.4652,20.9387,23.7074,22.1884,23.2707,22.3261,22.6091,22.3997,23.1509,23.2401,24.7867,22.6821
G4S034,19.7318,18.3843,18.025,19.2279,21.0199,21.5835,19.0785,19.9751,20.0532,18.9522,17.5169,20.5245,22.9801,20.4408,23.1888,22.5048
G4S034,17.0261,20.5934,15.8918,20.0124,17.5738,17.4035,18.8443,15.4683,21.0008,19.1017,19.1657,21.6497,18.6139,21.5158,19.0496,20.0268
G4S034,21.8121,16.3755,17.883,18.0914,18.8481,19.082,18.798,17.1519,20.5386,19.7518,19.5038,19.1545,18.0082,19.1971,20.2341,17.9757
G4S1A4,17.6961,17.2276,18.8478,19.1529,18.0994,18.4564,17.4082,18.8044,18.8014,18.9725,19.8516,19.5107,19.7159,20.658,17.9004,21.1332
G4S1A4,18.0272,16.626,18.007,19.6012,23.3231,24.6269,24.261,23.9056,25.5171,24.8915,25.3217,24.0163,23.6456,24.2124,23.2961,24.6657
G4S1A4,20.0698,19.946,18.9681,18.8436,17.4874,19.5767,17.8583,14.814,19.7816,20.208,20.2512,21.2761,19.1933,21.4804,20.1924,20.8364
G4S1A4,20.0704,20.0175,19.2069,19.2703,16.8937,17.4041,18.9265,17.7684,17.2266,20.3134,18.5415,20.184,20.7199,19.2736,18.7174,18.6404
G4S1A4,19.7395,18.3887,18.3874,17.1718,15.7131,16.8635,18.3812,18.1206,21.046,19.5934,18.0272,21.1281,18.8225,21.3308,21.6247,21.304
G4S1A4,20.5371,19.9098,17.3968,19.3322,16.816,15.4486,17.7639,20.4037,20.5729,21.5684,20.9063,17.8807,19.4996,18.9805,19.9824,18.9381
G4S3P8,18.8927,19.2835,17.7602,19.5892,19.3097,21.5035,15.769,17.3166,19.0727,20.7407,20.8637,18.895,22.1035,22.2187,21.5291,24.195
Q20314,18.5772,18.8107,18.7897,18.4258,16.1656,16.8994,17.1832,16.2013,19.2786,20.0463,20.2142,21.0034,20.3783,19.6373,20.2651,19.9383
G4SI07,17.6344,19.5574,17.1166,20.1746,15.8888,19.2226,19.2775,19.7673,18.883,16.8459,19.464,21.2776,17.8586,18.6413,20.8617,18.2609
G4SI07,19.1723,18.826,18.4474,18.4466,18.9847,17.5616,20.4233,21.5825,19.808,21.0125,21.1213,18.7006,17.9877,19.2886,19.7746,21.27
G4SL51,25.2764,26.1682,25.8883,26.253,21.1928,17.5444,16.4654,17.76,25.6637,27.4767,26.6456,27.0232,24.5854,24.1378,22.9481,23.538
G4SLH0,19.5836,19.5027,19.3925,19.3418,20.2677,16.1402,19.0729,17.9754,20.7389,20.2464,21.2247,20.4517,18.835,21.1447,19.2494,19.1681
G4SLH0,17.6823,18.7886,17.4325,17.7553,16.466,19.1249,16.4383,17.5819,21.1135,19.6667,19.2528,19.6496,18.8202,20.8771,18.306,18.8345
G4SLH0,19.1532,19.7306,18.3234,19.2483,19.8154,17.9645,17.2495,19.2405,18.6135,18.5262,19.4155,20.7981,20.8205,19.2384,21.6695,19.1572
G4SLH0,17.384,19.5244,20.4197,17.2866,16.6697,18.2991,17.8406,15.7189,20.1106,19.8625,18.7349,21.6625,20.0607,19.667,20.6027,21.8765
G4SLH0,22.6822,22.879,21.4321,23.4398,22.5585,24.4746,23.7811,23.9075,23.1634,22.3226,24.881,23.4738,19.748,21.9697,18.4539,19.1298
G4SLH0,19.7795,17.0399,19.0509,18.3692,15.4383,19.156,18.6431,18.3742,19.4341,21.4325,18.7751,19.5136,18.8913,19.0688,18.7717,20.657
G4SPY1,15.7258,17.1917,17.2306,20.5179,16.4379,18.5909,18.433,19.9725,19.5784,19.2609,18.1925,18.86,20.9449,20.9809,18.4936,18.9223
G4SRU7,17.7187,16.519,18.7918,19.8532,18.1771,15.1874,20.6268,18.7577,22.1183,23.6321,23.6702,22.4972,18.0742,19.5634,19.3724,18.9875
G5EBF0,19.6439,19.4119,18.6593,18.094,17.8527,17.8221,19.3003,17.7662,21.2772,21.5322,19.3979,20.3233,18.7841,19.1182,19.8218,19.7676
G5EBF3,24.8732,24.1092,24.19,24.559,17.1453,19.197,16.8142,18.8475,19.1567,17.5539,19.1525,19.3951,19.451,18.165,20.075,19.8112
G5EBF3,18.9135,19.1403,17.893,19.1972,20.2121,19.2535,18.2279,20.0695,19.5532,20.9696,19.1154,20.0803,20.5387,20.3424,19.7117,20.7442
G5EBF3,20.981,18.2957,18.9506,16.8646,15.6648,15.9164,19.7479,19.0195,16.0262,20.0881,18.9935,18.5251,17.8566,20.4192,21.5721,19.8028
G5EBF3,19.7877,15.7872,17.8842,18.8932,18.6262,18.0753,19.0477,18.8731,19.4914,19.4105,18.7551,20.4124,18.6577,21.0447,20.7049,20.8637
G5EBF3,17.8986,20.7891,16.2736,18.7901,22.3081,23.8216,22.8723,21.7057,19.6968,20.5307,21.1939,19.7079,17.7976,20.3524,19.6828,19.7362
G5EBF3,16.6865,16.8172,19.6498,19.5133,17.7524,16.3921,19.042,15.5447,18.7072,19.0971,20.1016,19.167,20.2736,19.1339,20.1962,18.0729
G5EBF3,20.0222,18.7857,16.2581,19.4256,18.3022,19.0755,21.6803,18.5051,19.1679,18.1934,19.8085,17.4337,21.2557,20.9493,20.5396,20.5329
G5EBF3,16.0442,18.4031,19.8245,18.8803,24.9374,23.5094,26.017,24.4446,19.3663,20.4149,19.651,19.1508,21.1527,20.6197,19.931,18.5115
G5EBF3,19.3157,18.1904,20.9657,18.3822,19.4646,19.2719,18.1518,19.1703,23.5307,24.891,24.4479,21.6852,18.9777,20.3901,21.4175,18.351
G5EBF3,21.1517,19.818,20.031,17.0143,15.9744,21.332,20.6296,20.1543,19.0698,18.9359,18.9797,20.861,18.1565,18.7995,20.8763,19.5106
G5EBF3,18.0987,17.7143,18.8171,19.9331,20.0216,14.8364,18.3753,16.7343,20.3518,17.7038,21.0571,20.0677,18.0334,19.8328,19.6398,18.6498
G5EBF4,18.4102,19.6102,18.2071,19.3109,17.4327,19.0951,20.4384,17.2668,21.2266,18.0654,21.5392,19.1241,19.481,20.4174,19.2009,17.8577
G5EGE0,22.6581,23.5541,19.6303,22.5619,20.4944,17.0506,17.7802,17.6284,19.9349,19.4775,18.7068,20.2126,20.6495,20.2652,18.6958,17.9784
G5EBI0,20.2173,17.636,18.0735,20.0171,17.5188,17.8604,17.856,19.2993,20.4936,18.7133,19.9118,18.7953,20.0479,21.849,20.7774,19.8707
G5EBJ9,16.5431,19.0387,16.6053,16.7565,17.8734,17.8922,19.6817,16.829,21.2169,20.8376,20.3907,21.9402,17.3424,20.8771,19.0052,20.0622
G5EBJ9,19.0641,17.3757,18.1021,19.6936,15.6855,15.9716,18.5973,19.0393,21.582,18.7845,20.7744,18.806,19.884,20.8054,19.2007,19.2067
G5EBJ9,20.3068,17.419,16.986,20,22.7591,25.8692,23.896,23.1787,19.474,18.8055,21.4646,20.142,19.7518,18.964,21.2728,19.5246
G5EBJ9,18.6659,19.0776,18.0444,18.7813,23.7624,21.4636,20.8506,23.4499,18.1482,19.5514,19.5007,18.9211,18.1485,17.5862,21.6552,19.7584
G5EBJ9,19.6014,21.1472,19.133,19.0185,18.0107,17.5837,20.1351,17.1106,19.2397,20.8066,20.0456,20.4606,20.769,20.9354,19.7788,21.0694
G5EBK3,16.5051,19.2564,18.254,17.6778,21.5878,21.53,22.5622,22.1538,18.2886,19.6568,18.8652,19.866,17.8008,21.4691,20.1281,20.5195
G5EBK3,21.707,21.481,20.2409,21.5881,20.2669,19.9491,20.1353,13.7419,21.3314,22.3795,21.9224,22.8625,18.4639,20.5011,20.5682,19.4553
G5EBK3,16.5097,15.6843,18.0806,18.3649,16.7458,17.1394,19.1128,18.6127,19.8091,19.8724,19.6748,21.7472,20.3905,21.6816,18.7516,21.51
G5EBK3,17.6798,18.4704,21.3115,18.1261,14.6889,22.0272,17.8465,19.9223,19.9409,18.5251,18.4834,19.599,20.2638,20.0934,18.5658,21.2824
G5EBK3,19.1905,19.5367,18.0416,19.3524,14.9811,19.1032,16.4641,17.3221,20.2795,19.1609,18.0215,20.2591,19.2264,20.165,20.3934,19.7081
G5EBK3,19.1974,21.4666,16.6132,17.945,17.6373,17.3113,18.7364,18.472,19.4155,20.8177,20.086,20.0761,19.7271,19.8184,18.7384,20.0333
G5EBK3,18.2832,16.8963,17.5621,19.5743,19.8591,19.2174,19.8095,19.6276,19.5109,17.9211,18.3397,18.229,19.9924,21.0736,21.2863,19.3311
G5EBN9,19.9021,19.0781,17.8527,18.259,16.661,16.279,18.908,19.1376,20.8184,21.5817,22.8748,21.071,19.4849,21.6555,17.0665,19.2056
G5EBN9,20.8923,17.0318,19.7052,20.1703,18.1411,21.0175,16.9159,19.1872,19.7159,20.4045,21.5003,19.8994,19.5963,20.7273,19.493,19.8431
G5EBN9,16.6039,17.7492,16.7973,19.3611,18.126,18.0708,17.6817,19.5204,23.3611,23.7678,24.1698,24.5002,18.6974,20.6701,20.4848,20.7615
G5EBN9,17.2992,15.653,16.4748,20.0077,17.6533,18.8007,19.0086,17.9855,19.1535,18.8729,19.1713,19.0133,19.878,21.9147,21.2871,20.3063
G5EBP5,24.4461,25.8097,23.7407,25.4215,16.8954,18.6942,19.7103,16.5873,24.3868,26.3051,26.4118,25.6002,24.678,26.1868,25.622,25.0278
G5EBP5,16.6973,16.9857,18.7341,19.0065,18.6109,18.2772,16.3977,19.547,19.8556,18.9731,20.9229,19.6429,19.2324,19.5533,19.269,19.8215
G5EBP5,23.6656,23.348,21.0361,24.5264,24.3865,25.3441,25.2971,25.1589,24.3082,25.1113,24.4111,24.9267,24.0098,25.4578,25.3722,25.4858
G5EBP5,25.4202,26.9271,24.8529,25.7679,16.8921,18.0208,17.9894,17.0077,18.832,18.7296,18.5765,18.1391,17.5215,20.0236,19.2789,19.3283
G5EBP5,23.3018,23.0002,21.892,23.8179,18.5821,17.7694,18.4441,20.3123,27.3107,25.4336,26.7182,26.9311,25.885,26.8533,25.6764,26.2368
G5EBP5,17.5741,19.0461,18.6516,21.2551,17.7842,21.1994,18.9874,19.0787,18.697,19.2191,19.641,20.5055,23.7685,23.5489,23.4684,22.7494
G5EBP5,21.1139,20.4386,15.3361,18.5873,17.5264,18.155,18.0966,18.0641,19.8991,19.931,19.3042,20.0455,21.634,20.2558,19.5433,19.9702
G5EBP5,25.4015,24.6782,23.4051,25.4082,18.1427,18.5455,18.9961,17.6111,23.663,24.6378,24.1106,25.1182,22.8944,23.2176,24.3306,22.5872
G5EBP5,19.7271,19.3878,16.2691,19.3548,16.7982,18.4839,18.792,15.6812,19.8311,19.8219,19.9683,20.21,19.8807,19.0039,19.9041,20.7081
G5EBP5,25.5837,25.446,24.524,26.0218,25.3542,26.249,26.5106,26.3604,26.8566,26.247,26.5214,25.8623,27.717,27.8039,26.9774,27.1375
G5EBP5,25.5837,25.055,24.0662,24.7897,25.3542,26.249,26.5106,25.521,25.6911,25.5124,25.7176,25.8623,19.5233,20.6699,19.6232,21.8688
G5EBP5,21.7048,20.6196,16.5884,17.3196,17.86,16.8955,21.1623,16.6501,24.1436,24.4023,25.6035,24.1682,21.2678,21.956,18.5361,16.8505
G5EBR3,17.497,18.7566,19.1011,21.9668,20.9946,16.7029,17.0542,18.3389,20.6917,19.667,20.9969,18.6023,20.9033,21.7221,18.9531,20.6453
G5EBR3,19.4762,20.7359,19.7525,17.4827,19.5212,19.7472,20.694,18.142,20.3992,18.2401,18.8722,20.5967,18.4321,19.8716,19.788,20.8997
G5EBT8,21.2619,21.2229,21.0124,21.4749,17.662,17.1006,18.4724,18.9892,19.8701,19.2024,18.3329,19.0631,20.9359,22.4874,26.9457,21.8704
G5EBV4,19.8227,18.3961,19.7178,20.4264,20.5336,15.0662,17.2151,17.8721,19.223,20.1598,18.6574,19.4504,17.9292,20.5191,21.4063,20.9086
Q965J2,23.1267,23.8949,22.7863,22.8206,19.2535,16.0876,17.8611,18.5515,23.5279,23.7883,22.6931,22.7008,23.3911,23.6136,25.5564,23.2365
G5EBY4,19.8007,19.1218,20.4513,20.3732,16.5813,21.1661,19.003,18.9542,21.6231,16.6072,20.0456,18.3364,21.3592,19.7477,19.4776,20.0567
G5EBY6,20.0489,19.5512,18.0751,18.4311,19.2338,18.8828,15.8952,16.8585,19.5209,19.937,20.3657,20.9115,20.3223,19.3737,20.279,19.785
G5EBZ4,17.6725,18.5659,17.4587,18.2131,17.5472,21.3172,19.0285,19.4816,19.6348,19.6605,19.6713,19.2814,18.685,19.609,20.318,20.1227
G5EC03,18.085,19.5515,19.1861,16.517,18.1298,17.4039,19.3761,20.1851,20.8589,20.7572,18.7835,18.4423,20.0012,21.09,20.3844,21.3517
G5EC05,16.1518,20.3336,17.6604,17.9153,18.6979,16.6303,17.5418,20.0771,19.6124,20.7033,20.5792,19.2461,20.1167,19.5871,21.7339,19.5729
G5EC10,19.3859,18.2302,16.8246,20.9906,20.2069,18.2132,19.1264,17.5633,20.8439,20.9584,20.1496,20.7502,20.0231,19.4783,20.3828,19.0548
G5EC10,18.3812,19.2217,18.9991,21.195,15.8293,15.853,17.5635,18.9511,20.1117,19.0319,20.6431,17.8842,19.9118,21.7101,21.1002,17.2663
I2HAI6,20.0062,18.5534,17.1436,18.5121,16.4293,19.6065,16.222,17.7557,19.5728,19.6978,19.8276,19.531,20.47,18.5993,17.1913,19.1901
G5EC78,24.0335,24.7159,24.194,24.2233,18.0578,17.0825,18.4755,18.8541,24.4604,23.0939,24.1475,24.2623,22.5721,22.9856,23.4075,21.8172
G5EC78,25.3888,25.6631,24.4812,24.1843,25.0489,23.2708,22.8692,24.0995,19.3767,21.3885,21.7038,18.5183,23.9631,23.3101,24.5657,23.5633
G5EC78,18.3776,19.1776,17.785,19.8379,18.9254,17.9885,19.1952,16.4053,21.8606,19.688,20.0177,20.0858,17.6996,20.6727,19.3372,18.7296
G5EC86,17.7377,19.6154,17.8878,18.1001,19.634,16.837,18.7727,21.4039,18.4443,21.1569,19.3142,21.1493,21.0207,18.9272,20.5393,19.4293
G5EC91,23.511,22.808,23.3191,23.0957,19.0693,17.9076,19.2274,15.9544,23.2611,22.3121,24.1285,23.3096,24.8411,25.8183,25.2109,28.0674
G5EC91,17.6923,15.68,17.8715,18.1033,19.3386,17.927,19.4823,20.0188,17.2043,18.7445,18.8579,19.8602,20.5878,19.775,20.3171,20.4685
G5EC97,23.9171,23.3451,22.9005,25.0126,22.2819,22.8865,22.548,23.0094,17.8614,19.6313,19.8448,17.9777,19.7391,21.3933,19.7332,18.4321
G5EC97,18.2156,20.1295,20.2607,19.9723,23.5164,23.9589,23.905,23.3364,20.9128,19.9934,20.3753,19.4851,20.732,19.2186,20.0958,19.6688
G5EC97,19.3031,19.5525,17.4873,18.4502,16.8253,18.5024,17.5008,18.6115,18.8195,20.1626,19.2275,19.561,19.1233,19.5466,20.6569,18.2049
G5EC98,17.6793,18.5362,17.2824,19.6391,18.1572,18.3069,20.1334,16.873,19.4373,18.5839,19.527,18.0875,17.3181,19.8467,20.3733,21.1062
G5ECC7,18.423,19.3266,18.058,17.5834,15.201,16.767,18.9088,17.0288,20.5345,17.3388,21.4347,19.0084,19.4346,20.5823,20.2293,20.9978
G5ECF6,18.0658,20.042,14.2052,20.8614,19.3541,20.7933,20.041,17.5252,18.1192,18.9183,21.7935,19.5475,19.3204,18.5078,18.6276,18.6765
G5ECG0,20.1507,17.3708,17.2144,20.3258,16.6044,17.7566,17.1389,16.8821,19.5346,15.2912,17.7061,21.0617,21.2894,19.371,19.9127,18.6142
G5EFK7,18.2287,18.3231,18.4422,20.0868,16.2952,17.0032,18.8337,18.4926,18.7121,18.8374,18.1602,20.3858,20.0928,19.6292,17.8118,19.5218
G5ECL1,20.3046,17.6952,21.2456,19.5186,20.0193,18.1126,18.7033,17.1439,21.2298,19.4129,18.6531,18.1429,19.7978,21.2767,20.4635,20.4215
G5ECM2,19.8529,18.4837,20.7354,19.5934,18.9154,17.983,16.9348,18.4547,18.5547,19.0447,19.7004,18.4782,20.2717,18.7113,18.2769,18.7433
G5ECR7,19.866,18.8688,17.8915,18.5991,18.0804,19.0187,18.0992,15.6479,19.667,19.827,20.678,16.6047,20.4928,18.649,19.1573,19.2688
G5ECT6,17.1853,17.8038,17.7579,19.0882,17.8406,19.056,18.4127,16.1565,24.8318,25.4372,22.4819,24.7494,19.7362,20.414,18.6146,19.1922
G5ECT6,17.6771,16.8722,18.9229,21.1839,18.3919,17.0079,18.4142,17.8169,21.8982,23.178,22.4205,23.317,20.8108,21.3278,22.5988,21.663
G5ECU1,17.8293,18.8665,18.3541,20.6181,17.4073,17.8562,19.8977,17.4424,20.8308,21.4667,20.5588,21.3985,22.8257,23.2725,25.0533,22.656
G5ECY0,16.7859,18.3877,16.1714,20.3483,24.3757,24.8465,24.1452,22.7128,21.5287,20.1564,20.3951,17.5098,18.493,19.5425,18.3409,21.0407
G5ECY0,18.0652,16.4284,19.637,18.6924,18.373,18.023,20.9134,18.2303,20.739,16.4695,21.9826,19.0841,22.6831,24.582,23.3603,23.0692
G5ECY4,27.8835,27.3841,26.4741,26.921,25.2469,26.3281,26.4159,24.6788,26.8597,23.9555,26.392,25.8049,20.1037,18.6982,18.4554,20.0107
G5ECY4,16.7818,18.1551,16.6534,18.2365,19.7197,19.3695,18.4901,18.4819,19.3683,19.4202,18.7295,21.2714,19.2095,20.5231,20.5188,19.4197
G5ECY6,18.6032,18.3462,18.2369,18.7744,18.6795,19.8376,20.0277,18.3239,18.7425,21.1253,20.2898,19.5097,18.5146,21.1837,20.0026,19.0189
G5ECY6,21.2795,20.9919,15.4679,17.6185,19.4043,19.733,21.0494,17.3931,19.9313,20.3037,19.213,17.159,17.9858,18.9799,19.5202,19.9339
