Proteins,eat2_d5_01,eat2_d5_02,eat2_d5_03,eat2_d5_04,eat2_d1_01,eat2_d1_02,eat2_d1_03,eat2_d1_04,eat2_d10_01,eat2_d10_02,eat2_d10_03,eat2_d10_04,eat2_d15_01,eat2_d15_02,eat2_d15_03,eat2_d15_04
G5ED33,22.702,23.1942,23.0416,24.2504,23.5334,23.8659,22.8091,21.4201,22.0793,23.3671,23.3845,23.2758,21.5417,20.6052,21.8186,21.6586
G5ED33,23.8974,26.7129,27.0381,25.4021,24.5767,24.9587,24.2381,24.8764,21.8502,20.328,21.6943,20.7008,22.0936,20.9693,21.8315,21.582
G5ED33,20.8424,21.0919,20.2925,21.864,20.7121,21.6121,21.5258,20.8901,24.5216,22.7272,24.7716,25.6816,20.6689,19.8074,19.8263,21.4035
G5ED33,23.4626,23.6842,22.8629,23.4315,22.5255,23.5415,23.281,23.7146,23.9434,24.9522,23.8299,25.4669,21.3207,20.457,21.1569,20.8725
G5ED33,21.9968,23.1719,22.3767,22.5101,21.7742,22.8023,23.3951,21.6803,25.2289,25.084,24.6537,24.4369,24.5316,23.0237,23.3382,24.1397
G5ED33,21.595,21.5468,20.8732,20.8042,20.3533,19.2331,21.6183,21.2415,20.9934,20.1383,20.565,21.4765,25.2037,21.9564,23.4921,21.3081
G5ED33,20.4087,20.5938,21.3076,20.5389,20.5678,20.222,21.3859,21.0173,26.3567,25.103,25.1873,26.2083,20.5845,20.0789,20.1227,21.7398
A0A061ACQ8,24.8353,26.6069,28.0849,24.5607,23.8289,24.4935,24.4446,23.923,25.6572,25.2059,25.6378,24.9202,21.4137,20.3753,20.2783,21.1525
A0A061ACQ8,21.2459,21.5406,21.2437,21.3923,20.6905,20.6101,21.286,20.8378,20.9167,20.157,21.6092,20.6234,20.2449,20.6627,20.3218,21.4516
A0A061ACQ8,27.5851,25.9051,25.9511,27.8005,24.3735,26.4799,26.1909,25.0773,24.8245,24.1733,25.3429,22.6609,26.0796,26.6214,27.3457,25.2603
A0A061ACQ8,25.2067,25.9051,25.9511,27.1847,25.8144,26.1828,26.1909,25.0773,24.8245,24.1733,25.3429,22.9507,26.0796,24.4882,24.0322,24.5542
A0A061ACR1,23.275,25.0014,24.4762,24.5705,24.4604,23.8085,23.8101,22.391,20.6108,20.9844,20.9991,20.4449,24.6031,23.893,27.408,25.7024
A0A061AL01,20.6705,20.1351,19.8288,21.9589,20.9122,20.5604,20.0432,21.2337,21.2686,20.8189,21.433,19.8521,21.6271,21.5454,19.618,21.1324
A0A061AL01,22.9219,22.8252,22.966,23.1064,20.052,21.7668,21.7559,22.3719,24.2228,22.9565,24.0277,26.6275,20.3374,20.0229,21.7904,21.6173
B3GWD8,20.1448,20.9953,20.9473,20.9437,20.4407,21.4264,21.4755,19.5985,24.5006,24.5776,25.4118,24.2319,21.9518,20.5953,21.7451,21.6637
B3GWD8,20.769,20.2735,21.3764,21.6481,20.2055,21.2947,21.4317,18.8279,21.5394,18.8297,21.306,21.0766,21.5007,20.8678,21.3048,20.5311
B3GWD8,21.0195,21.3697,20.1126,20.3163,23.8394,23.8007,23.6418,23.2697,24.0581,22.4732,23.4203,22.4659,20.1236,20.5493,21.1031,20.9334
A0A061AD09;Q19102,21.3938,21.6922,20.62,20.5959,20.7379,21.5393,21.4388,20.9034,20.9959,21.2959,20.9351,20.4192,21.3746,20.6783,21.0299,20.5448
Q3S1I9,20.7498,21.0134,19.3533,21.4814,21.0449,20.8853,21.1509,20.5674,21.7362,19.9293,20.4636,20.918,22.0414,20.9049,19.5599,20.4587
Q3S1I9,21.3117,21.354,20.8736,21.522,20.9667,20.5865,20.3952,19.8745,19.4551,21.3654,21.0041,20.6358,22.4755,21.0297,22.664,23.1742
G5EDF9,24.0161,23.4262,23.0996,23.9464,21.4791,23.2069,23.4336,22.9113,24.4874,23.6056,24.1998,22.1189,21.7113,20.9051,21.5384,21.0025
G5EDF9,24.4818,24.0993,24.7389,25.7138,20.0777,22.5115,23.8453,23.1834,23.8183,24.5224,25.1071,24.2737,20.9095,20.6514,21.4471,20.1895
G5EDF9,24.245,22.5821,22.8668,21.9342,22.0813,23.3163,22.4226,22.3875,24.7171,24.3861,24.6156,30.1377,20.6047,20.1422,20.203,20.9822
A0A0K3AQS9;A0A0K3AQT4;A0A0K3ARB5;A0A0K3AUC2;A0A0K3AWP0;K8FDX2;Q22866;Q27249,22.5736,20.6851,21.604,20.2598,20.9403,21.7553,21.5142,19.7951,19.9041,21.0368,21.7105,20.1931,21.6466,21.084,20.5156,19.8864
A0A0K3AQS9;A0A0K3AWP0;K8FDX2;Q22866,19.919,19.8893,21.57,20.1973,21.7373,23.0522,23.4179,21.6485,21.2787,19.3966,21.8517,20.4801,20.922,19.9403,21.0624,21.5466
A0A0K3AQS9;A0A0K3AQT4;A0A0K3ARB5;A0A0K3AUC2;A0A0K3AWP0;Q22866,20.699,21.5537,20.7858,20.5967,23.6735,24.7184,25.6456,24.6859,24.4696,24.5794,24.3204,24.1408,25.4485,22.6639,24.3064,25.0223
A0A0K3AQS9;A0A0K3AQT4;A0A0K3AUC2;A0A0K3AWP0;K8FDX2;Q22866,21.3461,21.3356,20.2074,21.4635,20.1117,21.2592,21.6426,21.1536,23.444,22.7677,22.8373,25.1639,24.2264,23.5739,24.9054,23.2206
A0A0K3AQS9;A0A0K3AQT4;A0A0K3ARB5;A0A0K3AUC2;A0A0K3AWP0;Q22866,21.2255,20.8924,20.869,19.5424,23.0888,23.3046,23.0679,23.8624,22.7873,23.9749,22.365,25.2145,25.0452,23.174,22.6811,24.166
A0A0K3AQS9;A0A0K3AQT4;A0A0K3ARB5;A0A0K3AUC2;Q22866;Q27249,22.6992,23.0176,23.1191,25.5379,22.9346,24.8838,25.3789,23.9325,25.921,25.2815,25.9784,23.305,26.767,25.9117,25.99,26.6959
A0A0K3AQS9;A0A0K3AQT4;A0A0K3ARB5;A0A0K3AUC2;Q22866;Q27249,23.3056,23.3663,23.6906,22.986,25.79,22.4392,23.0577,23.7932,25.0553,22.8239,24.059,26.5787,25.2813,24.0705,24.6979,22.9127
A0A0K3AQT4;A0A0K3AUC2;A0A0K3AWP0;K8FDX2;Q22866,20.6956,20.7265,20.4906,21.5442,20.2928,19.9698,20.1963,21.073,21.0878,20.6431,20.3204,21.1876,23.3782,23.6285,24.0569,23.3793
A0A0K3AQT4;A0A0K3AUC2;A0A0K3AWP0;K8FDX2;Q22866,19.7726,21.2043,21.3274,20.6785,21.0963,20.912,20.8785,20.2299,21.9138,20.6437,20.2026,20.6163,22.6481,25.086,25.3506,24.9068
A0A0K3AQT4;A0A0K3AUC2;A0A0K3AWP0;K8FDX2;Q22866,23.5387,22.0954,23.6309,24.2179,24.1107,26.6339,26.9381,26.1947,23.873,24.693,25.5681,25.6736,25.216,23.437,23.4736,22.1196
A0A0K3AUF2,24.1209,24.9183,24.6125,24.465,24.1314,24.3147,22.6413,26.1291,21.7543,20.569,21.1147,23.53,24.6902,23.4674,22.0641,23.1463
A0A0K3ARB5;Q27249,20.7298,20.9154,21.1321,20.4242,20.0765,21.5337,21.419,20.832,21.609,20.8408,21.8861,20.5913,23.1416,22.6612,23.7309,23.5633
A0A0K3ARB5;Q27249,19.3772,20.8089,21.3365,21.7094,20.7941,19.6603,20.6867,20.8551,21.2273,20.5009,21.4646,21.4434,23.1416,24.762,25.0833,24.8576
A0A0K3ARB5;Q27249,21.1086,21.5403,21.744,20.9044,19.3907,20.4478,21.35,20.0251,21.937,21.1124,20.9654,20.7929,23.2863,21.656,20.6174,22.6982
A0A0K3AS90,21.26,18.692,21.6605,21.9575,20.8704,20.3729,21.6243,20.9135,20.9082,21.122,21.1568,20.9118,23.6604,22.5202,22.852,22.2183
A0A0K3AWX1,20.4063,21.2259,20.856,21.3477,20.9564,21.8743,21.1983,20.9949,19.1487,19.1621,19.4934,21.5572,19.8885,21.5349,21.2998,21.2814
A0A0K3AWX1,20.2067,21.1319,21.5675,21.7429,20.1172,19.378,20.8477,20.3891,21.5672,21.1885,21.1196,19.909,21.5456,21.1286,21.0404,21.5365
A0A0K3AVS5,22.8618,22.8099,24.1874,22.8885,19.6512,20.623,20.637,21.3632,21.7,21.6957,20.974,24.552,21.6481,21.4494,20.6691,21.1544
A0A0K3AW96,19.4154,20.9411,20.6079,21.8058,20.224,21.7503,20.1577,18.8285,19.2831,21.4545,21.0872,20.1488,22.5114,22.1148,20.7902,22.8784
A0A0K3AW96,21.1362,20.497,21.7356,21.356,20.8483,21.2299,21.6972,20.5487,21.8725,22.6179,22.3776,25.1033,20.7289,20.2022,21.8042,21.5686
A0A0K3AW96,24.0847,23.4552,23.6388,24.5912,25.6721,25.3345,25.2425,24.467,25.1462,24.6493,24.692,27.2157,26.7722,25.6859,27.8765,27.4224
A0A0K3AW96,22.4343,22.7659,22.0583,23.4681,23.6612,24.9205,23.6158,23.5435,20.7563,20.4282,19.8578,20.941,26.696,23.4355,22.1419,22.4113
A0A0K3AWB0,21.1207,20.9225,20.842,21.2514,21.4794,24.8791,22.9747,22.8663,25.5725,24.3052,25.0771,22.2245,25.8509,22.0571,22.9232,25.1645
A0A0K3AWB0,19.3826,20.8933,20.0842,21.9123,20.3309,21.4537,20.4319,21.0258,23.8979,21.6642,22.6713,24.1166,24.4604,24.1179,24.1296,24.6268
A0A0K3AWM6,26.0783,26.5827,24.6099,25.78,20.12,21.7507,20.0534,20.4033,24.0193,22.7022,23.4581,24.3906,21.2875,19.9649,20.0605,20.9046
A0A0K3AXE0,21.2874,20.3826,19.6053,20.6462,22.4303,22.7649,22.611,22.0671,21.8016,21.4159,20.7756,20.7887,20.4498,21.3899,20.9074,19.486
A0A0K3AXT9,22.5778,25.7959,23.12,22.9221,19.9877,21.6152,21.8766,20.4859,25.1956,24.653,25.5209,27.6707,25.7905,26.8828,27.7092,25.4412
A0A0K3AXT9,24.1256,23.1609,23.4014,22.7519,20.2089,21.3739,21.1602,21.372,25.0797,24.7756,24.7697,24.4968,21.9727,20.2349,20.6954,21.0619
A0A0K3AXT9,20.6564,21.6875,20.5786,19.8244,20.4863,20.7412,20.8545,19.7058,26.0959,24.4763,24.2506,21.3527,24.8458,27.2829,26.6816,26.9848
A0A0K3AXT9,23.5538,23.6715,25.0661,23.2446,22.5374,23.6676,22.9655,24.5416,26.3155,25.2737,26.0163,27.2178,24.4766,26.1682,26.4029,26.1487
A0A0K3AY44;O44557,21.2727,21.6916,21.7379,21.0921,20.445,21.4865,21.4319,20.6497,24.2352,23.7219,23.3627,24.0361,25.3899,26.5551,26.9841,26.9997
A0A0K3AY44;O44557,20.6647,20.7967,21.1714,21.5711,20.8052,21.4248,20.9981,20.3659,21.8303,20.0851,21.8749,20.5794,22.0035,20.5391,20.5605,20.4148
A0A0K3AY85;Q9BPN5,27.2443,25.478,23.7824,26.8731,24.7656,24.4963,24.7206,24.5222,25.6122,25.825,26.0679,26.1032,24.5809,26.7236,25.768,26.3321
A0A0K3AY85;Q9BPN5,21.5656,19.5303,21.5522,20.1419,21.0927,21.2122,21.3657,20.2574,23.7861,22.021,23.9979,24.2543,19.8134,20.591,20.7853,20.8305
A0A0K3AYE8,20.0202,21.0251,20.72,21.2733,21.5262,22.4827,22.4416,24.4971,26.121,25.6112,25.8081,21.1966,19.5271,20.8876,21.2137,21.3042
A0A0M7RFG7,19.2147,21.5103,21.354,21.0584,20.6771,20.6611,20.3198,20.9856,21.7591,21.1896,21.4763,20.8821,22.0768,20.8755,21.3311,21.0708
A0A0S4XRR1,20.4294,20.0904,21.6607,21.4177,21.0429,20.6115,19.8162,21.3312,24.166,23.9745,23.9467,20.7393,21.2132,21.1193,21.1607,21.0533
A0A0T7CIX3,26.7985,24.443,24.3687,26.0217,19.7109,21.4567,21.3905,20.6123,20.4987,20.0837,21.739,21.0109,21.9368,18.5195,18.4005,21.0016
A0A0T7CIX3,21.2652,21.0852,21.4821,20.4149,20.1268,21.1031,21.6238,20.4548,24.1973,23.9414,23.847,25.0905,19.9278,21.4489,20.543,21.0004
A0A0T7CIX3,20.508,21.5313,20.7521,21.8189,21.5981,23.4093,23.2447,21.5807,20.1071,21.4045,20.7955,21.4149,21.146,20.5567,20.5375,20.7377
A0A131MBQ6;Q94300,23.1669,25.2568,23.9282,24.4602,22.5722,24.5823,25.1195,24.4063,23.0821,23.0649,23.9164,24.2107,21.7223,18.9888,20.0508,21.2503
A0A131MCJ5,20.4518,21.3188,21.6377,20.9612,20.3938,20.5954,20.445,20.7507,19.6342,20.8798,20.8945,20.8499,20.2832,19.4886,19.8333,20.2595
A0A131MD51,22.2234,23.2742,23.5723,22.6911,21.9222,22.6273,23.9803,23.7033,22.2376,21.4953,21.898,21.6791,21.5559,21.5134,21.337,20.255
O16293,20.3817,20.6603,20.7754,21.0525,20.6063,19.3543,20.9579,20.2706,21.883,19.9637,21.2698,21.1131,21.9782,18.3985,20.9695,21.0961
O02147,19.8363,22.7227,20.836,20.0648,22.3016,24.7085,25.9691,23.2469,23.2088,22.1552,23.2034,24.8589,21.4841,21.3722,20.0657,21.2176
F3Y5Q3,21.1803,21.7271,19.6316,20.3644,20.7274,21.2712,21.8845,21.3061,20.5106,20.4482,21.1887,21.2719,23.8072,23.2767,21.9531,23.8411
Q9N350,21.0391,21.4325,21.7888,20.7147,19.6511,20.5802,21.1492,20.5286,24.572,23.526,25.1125,20.0426,21.9322,24.0387,25.3652,24.8307
Q9N350,22.4724,22.6956,23.5364,23.6952,20.1667,20.9368,21.2222,20.33,24.3225,24.0131,23.8334,22.6783,24.381,27.1767,26.3585,26.0858
A0A1N7SYR3,21.2378,19.8349,21.5523,21.7171,19.2409,21.6692,20.9466,20.7021,21.9554,20.7005,21.2447,21.1244,21.6527,18.7842,20.7236,20.6829
A1IMB7,25.965,22.8421,23.3381,23.8852,21.5437,22.0336,22.2475,23.2573,22.3304,21.6851,23.3765,20.1465,20.1651,21.4032,20.405,20.527
A3QMB7,21.206,21.5263,21.4968,21.7754,19.7862,20.3313,21.4998,21.0685,21.8719,19.609,20.6555,20.5194,20.7373,20.1265,19.4449,20.363
J7SF86,20.2734,20.259,20.0158,21.6882,20.2106,20.7925,21.2625,21.3095,19.806,19.4739,20.628,19.5981,21.6992,19.8334,20.528,19.015
U4PRJ1;Q95ZL3,21.582,20.1746,21.4126,21.197,20.1385,21.0131,18.542,21.257,21.5834,20.6769,19.9835,20.86,20.3424,21.1414,21.6776,21.4089
A5JYX4,20.6948,21.3708,20.6507,21.9711,23.1305,23.9312,23.8744,22.6587,21.6294,22.8169,21.5663,24.8026,25.0451,23.9429,23.8379,23.3846
A5JYX4,24.1129,24.3753,24.8917,24.4856,22.0736,23.9466,24.1974,23.8034,25.3725,25.0324,24.7491,25.1401,25.7235,27.2136,26.6909,26.9276
A5JYX4,21.245,20.4202,20.87,20.6246,19.8675,20.7706,20.9515,20.5536,20.8163,21.0768,21.1777,21.5562,21.1575,20.7076,21.5962,20.9997
A5JYX4,19.3386,20.697,20.7156,21.6778,22.1988,22.4953,21.5202,22.1974,19.8254,20.2988,21.3845,20.4238,22.7036,24.2487,23.7622,25.1969
A5JYX4,20.2291,20.613,19.7949,19.4653,22.1074,22.4953,21.5202,23.1808,20.5262,21.2221,21.5318,19.8052,22.7036,23.7003,24.2314,22.5855
A5PEY0,25.5355,25.6998,26.2741,26.2982,20.9131,21.3883,20.6974,20.9538,25.1976,23.7598,25.1641,22.4747,23.403,24.0328,25.7259,23.9859
I2HA81,24.7242,27.0789,27.0492,27.1398,22.8822,27.0794,27.0144,26.7743,25.8246,25.8714,27.0083,25.9346,21.0581,20.2849,19.3281,20.9725
A5Z2W7,21.0167,20.4802,21.2138,21.5717,20.7838,21.5025,21.4989,21.2999,24.6619,24.5041,23.8225,20.9875,21.1554,22.6265,22.7661,22.033
A5Z2W7,20.2934,20.4612,21.815,19.0872,19.3226,20.2489,21.1835,20.6749,24.5632,25.1548,24.4441,20.8372,24.0147,24.2679,25.58,22.7831
A6PVA5,19.7895,20.7534,21.4499,21.8348,23.262,23.2864,21.0682,22.9927,22.4739,20.8005,21.6686,24.5479,21.8409,23.5633,24.0965,23.1731
Q20621,21.1897,20.0253,19.5769,20.4429,23.2634,22.6777,22.0148,21.3952,26.0135,25.5235,25.7943,21.1307,23.8934,23.9373,24.0824,24.923
A7DT41,21.5836,19.9429,20.6132,20.6201,18.8158,21.5728,21.7393,21.1376,20.9843,20.4114,19.2772,19.7172,20.992,20.3824,19.657,21.681
A7DT41,21.4812,22.0996,22.6976,22.4475,20.3176,21.194,20.477,20.8339,21.2109,21.1785,21.7718,19.4215,21.2066,20.6973,21.3437,21.2599
A7DT41,21.3677,19.7855,21.0483,21.2688,23.8283,24.7014,25.0748,23.9268,21.0691,21.0397,18.0407,20.128,20.9432,18.7387,21.3275,21.4523
A7DT41,21.2246,20.1147,20.8393,20.825,20.5484,21.5432,21.2107,20.8539,20.9703,21.2433,20.2388,20.764,20.8964,19.8609,20.8022,19.31
A7DT41,24.3781,24.4253,24.7751,24.4764,24.615,23.7201,24.2872,23.7657,20.9853,20.5556,19.6077,20.4815,20.6043,20.8339,20.6146,21.1435
A7DT41,19.7496,20.66,21.2118,21.2848,24.0827,23.2516,23.8585,22.1429,20.6182,21.3027,21.5734,20.5954,20.8753,18.8561,21.3432,21.0917
Q9XWW2,20.2102,21.101,20.1765,20.8463,20.7063,21.5031,21.8584,20.2812,21.5353,21.0868,20.6244,20.2584,20.8231,21.5212,20.6574,21.6754
Q9XWW2,20.859,20.453,21.4226,21.3102,19.1112,21.2878,21.6913,21.2726,20.5101,21.3649,19.961,19.6619,21.3114,18.261,20.5507,20.9375
A7LPD6,21.0587,21.2205,20.7406,20.6755,20.7658,20.7158,20.6376,20.3455,20.99,20.6424,20.0063,21.5853,25.3577,24.5915,22.9995,24.3284
A7LPD6,25.6588,25.0256,24.5083,23.1772,20.8353,20.6443,20.6382,21.3902,24.1857,24.8905,25.0602,28.2262,25.6671,23.456,21.6948,23.5304
A7LPE6,20.9544,21.3599,20.9047,19.2858,20.5485,21.0322,21.4446,20.9136,21.4304,20.3817,21.5546,19.9708,23.2776,26.6366,26.8808,25.5553
Q5FC71,24.3965,25.1333,27.012,24.9088,20.8513,21.8524,21.4673,19.8916,20.7822,21.4339,21.8781,19.5548,21.18,20.5198,20.3911,21.6162
Q5FC71,20.9745,20.879,21.0967,21.5458,20.0685,21.6842,20.4942,19.9995,21.4626,20.0995,21.0815,20.7424,20.7639,20.5807,21.0098,19.4139
Q5FC71,25.0711,26.4664,26.7263,26.4932,26.5943,28.3036,28.7584,26.3827,27.8768,27.0131,26.4436,27.0602,21.8289,21.485,21.1998,21.5596
Q5FC71,25.3515,23.6736,24.0319,23.9483,24.122,24.0926,24.8296,27.9515,27.6564,26.5632,27.0377,25.0677,29.9646,29.1614,28.4394,27.7251
Q5FC71,31.8013,33.8387,33.8163,32.9827,29.3594,31.1211,30.7817,29.4716,33.3555,33.4188,33.6814,28.1987,31.1305,32.3033,32.1706,23.7038
Q5FC71,21.5985,21.2506,19.8359,21.6113,21.0924,21.1527,21.2322,20.7167,24.2607,23.9958,24.6922,27.0456,22.0454,21.1911,20.4814,21.1949
A8WFH7,20.7843,20.805,20.5197,21.6989,23.4759,23.0125,22.4648,22.8125,25.0506,25.2506,24.5741,21.1438,23.8858,24.9999,24.9737,23.5204
A8WFH7,20.9733,19.8367,20.9435,19.9778,20.7436,20.9297,21.8716,21.0238,25.379,25.1923,26.3474,23.1536,20.907,20.2394,20.6324,21.4894
A8WFH7,21.101,24.1767,23.4194,22.271,20.3805,22.665,24.4235,21.918,24.3052,24.029,24.2603,23.6969,21.2492,24.6939,25.122,25.553
H2KYH9,21.5217,20.5166,20.5425,21.5172,20.1333,20.809,20.2668,20.3764,21.5225,21.0172,20.8943,20.5508,21.2969,20.7897,20.8244,19.1231
A8WHP8;Q65ZB1,24.2893,23.7657,24.4579,22.9699,23.8438,22.9258,22.5875,22.9949,23.025,25.3287,22.4559,24.5313,23.1619,22.8317,22.1447,22.7106
A8WHP8;Q65ZB1,20.8294,21.5916,21.2137,19.1049,20.588,21.3695,21.0452,21.043,21.2604,21.5089,21.1721,21.0287,21.4583,20.6505,21.4453,21.1883
A8WHP8;Q65ZB1,21.2548,20.6183,20.8884,20.5537,19.6432,21.2902,21.5098,20.3485,21.7246,21.272,21.3048,20.635,23.1303,22.6735,23.4692,21.9141
A8WHP8;Q65ZB1,21.5384,21.3693,20.8242,20.6777,20.2697,21.5125,21.7887,21.1808,21.8548,21.3014,21.8023,21.4422,21.4823,19.5476,21.7658,21.1653
A8WHP8;Q65ZB1,21.1554,20.6325,21.1355,20.2765,20.8158,21.1233,21.6061,21.1029,22.8721,21.7956,23.8906,22.2759,21.9637,22.0137,22.2861,22.9176
A8WHP8;Q65ZB1,20.2544,21.6151,20.0617,21.1577,20.7415,20.7206,21.8826,21.3949,20.5827,19.1302,20.1471,21.2666,21.7561,20.04,21.5093,19.5039
A8WHP8;Q65ZB1,20.8074,20.8022,21.4128,21.3674,21.4412,22.6873,22.6751,20.7767,20.0063,20.9434,21.6443,19.7249,26.4881,21.3335,23.9101,25.2886
A8WHP8;Q65ZB1,21.2695,23.6,22.7108,22.0169,21.4907,21.462,20.2302,20.822,23.6495,23.3839,23.9651,23.4029,21.0801,20.5858,21.0352,20.3379
A8WHP8;Q65ZB1,20.4923,20.5112,19.8218,21.6285,23.114,23.335,21.5291,23.5152,22.4982,22.8863,22.7306,20.3378,22.5417,21.4511,22.0691,21.6776
A8WHP8;Q65ZB1,21.0897,19.8147,20.7466,20.5453,20.9978,21.1914,21.0732,20.3696,21.7567,20.974,21.275,21.41,24.6815,23.962,26.0082,23.7266
A9UJN7;Q7YXB8;Q18494,21.5432,21.1509,20.6708,20.7141,20.3034,21.7889,20.2967,20.51,21.6307,21.1563,21.0618,19.4438,23.215,23.0289,23.0514,22.1979
A9UJN7;Q7YXB8;Q18494,20.9299,20.9026,20.2859,21.8679,20.2461,21.3017,21.539,21.0835,21.7606,21.2241,20.6012,21.0253,20.7697,21.3594,21.3015,19.535
A9UJP1,20.3697,21.2713,21.0209,20.8613,19.0972,21.5018,21.4749,20.4262,20.8337,20.2516,21.7994,21.1831,21.5906,21.499,20.7047,21.494
A9UJP1;Q95ZR6;Q9XVL1,20.3752,20.9983,20.3401,21.596,20.7754,21.2796,21.4993,21.2506,21.6074,19.6301,21.3168,19.7908,20.2506,21.0321,20.7145,21.4523
A9UJP1;Q95ZR6,24.7759,21.6179,22.9029,22.9717,22.3508,24.0385,24.6726,22.9248,25.4615,25.1134,25.633,27.1141,21.5028,21.5451,19.4138,19.8022
A9UJP1;Q95ZR6;Q9XVL1,23.5517,24.5036,25.2843,25.071,23.7969,24.428,24.7722,23.5462,25.1295,24.9643,25.4021,23.0182,21.5209,19.799,21.7202,20.2947
A9Z1K9,25.7672,25.9749,25.6818,28.89,20.1415,21.4402,21.3336,21.2091,20.5842,20.7323,21.317,20.6205,22.0807,20.7789,20.4122,20.0691
B0M0L8;H2KYS1,22.1166,23.2779,21.8406,23.467,22.2206,23.0069,22.2746,22.6231,20.6987,20.7027,20.309,20.7099,22.2482,23.2929,23.418,22.296
B0M0L8;H2KYS1,25.229,24.3716,24.5296,23.2563,24.9529,25.1135,25.0916,24.3269,24.7927,25.2357,25.4779,26.086,25.0547,24.0391,23.9533,24.3759
B0M0L8;H2KYS1,21.0146,20.967,21.408,20.6054,20.304,21.0669,20.6657,18.9223,20.7058,19.7031,21.8011,20.5861,21.3568,20.6489,21.7948,21.1252
B0M0L8;H2KYS1,22.8827,21.4374,21.4661,23.8239,22.9874,23.8159,23.6436,23.136,25.474,25.5772,24.6546,21.5552,21.1448,18.6417,19.8242,20.6551
B0M0N4,21.029,21.6173,21.7983,21.0978,18.7555,21.9056,20.2279,20.4692,24.719,24.5634,24.7246,22.1008,21.0359,20.9745,19.6175,20.3549
B0M0N4,23.7929,24.6363,24.2758,24.124,24.3454,23.7015,23.1392,21.4984,24.0699,24.1641,24.3997,24.0027,20.7542,20.0336,20.038,18.9517
B0M0N4,20.931,21.3061,21.7937,19.8725,20.7754,21.5527,21.8158,19.9556,21.4247,20.8739,19.8761,21.0103,21.7548,20.1904,21.3833,20.5938
B2D6M4,25.5304,27.5923,26.6201,26.5127,24.9244,27.366,27.1777,25.6319,27.6832,26.0726,27.0805,26.0872,27.6548,27.3311,27.584,27.434
B2D6M4,20.7468,20.9624,21.1756,20.5598,24.984,24.3233,25.3258,24.4813,21.6725,20.2733,21.1519,20.2451,20.8768,20.2682,20.2449,20.1922
B2D6P1,21.6003,20.9568,20.6863,21.0526,20.5095,21.199,20.8649,20.7348,21.5443,20.3561,21.313,19.9066,24.4981,23.0686,23.1787,23.9531
B2D6P1,20.8261,20.4019,19.9709,20.3885,20.0498,21.5581,20.7946,20.5847,21.9892,19.6764,21.8147,21.0431,24.4506,20.9849,22.1507,22.6162
B3CKG1,24.6014,25.6672,24.6381,24.9835,19.3419,21.7821,20.0069,20.6851,25.6141,23.7333,24.3491,24.1618,27.2999,25.661,25.3296,26.1432
B3WFT8,21.3531,19.5144,21.0243,21.69,24.8013,23.49,23.5209,23.1971,23.7266,24.2193,24.2031,23.4053,22.0012,22.6959,22.1929,22.1263
E1B6S9,19.2882,20.5428,21.0318,21.5463,20.5692,21.8788,20.6257,19.418,20.866,18.9558,20.9479,20.9911,24.249,23.6046,24.2913,24.2745
G5EC65,21.0863,21.0029,21.1349,20.951,20.4316,20.9295,20.2328,21.3291,21.7818,21.4303,21.2461,21.3108,22.0556,21.381,21.2617,21.2197
B3WFW7,20.2918,19.5298,20.0551,21.9286,21.7908,21.7776,21.8369,19.7096,21.5579,22.4365,23.8335,22.577,21.101,20.6637,21.735,20.5653
B3WFY5,20.6349,21.5405,21.2236,21.7733,20.2881,21.8965,21.6186,20.5289,23.8415,24.5537,24.4146,25.4662,20.4862,20.2767,21.8412,21.2993
B3WFY5,23.2228,22.8943,24.2937,23.8111,21.9412,22.5069,22.4384,23.249,24.9195,23.0552,21.5764,24.172,24.8655,21.8924,26.0785,25.781
B3WFY5,24.1499,24.4939,24.652,23.8111,23.5732,23.558,23.4256,22.1002,19.7482,18.4664,21.4804,21.3404,21.9788,21.8769,23.0364,22.7919
B5BM23,24.4894,28.4348,27.7537,24.8589,19.7499,21.7201,21.2273,19.1894,24.0766,24.3701,23.9299,24.6628,21.4004,18.4321,21.0326,20.8444
B5U8N2,18.9469,19.8055,21.0633,20.5318,20.3902,21.6241,21.5243,21.2768,21.4913,21.2821,20.7489,20.5406,25.606,24.3541,24.7975,23.9565
B5U8N2;Q23187;Q23188;Q7JLB0,19.5044,20.8151,21.4949,20.1092,20.2006,21.8813,21.6502,21.3221,20.4145,20.9176,21.7405,20.0991,21.8163,18.9145,21.0268,20.94
B5U8N2;Q23187;Q23188;Q7JLB0,24.819,24.834,23.1623,23.0611,20.9247,22.208,23.6637,22.5598,22.4338,22.3162,23.341,22.5443,22.7242,23.1932,23.5548,25.4057
B6VQ78,19.6568,22.6306,23.9513,23.6542,20.7402,21.5127,21.0615,19.8414,23.5396,24.0538,24.027,24.4733,25.0628,26.0294,25.7148,26.3512
B6VQ78,21.3647,21.3349,20.829,20.8332,20.565,21.215,19.9568,20.3054,24.0253,24.1954,23.8341,24.7094,22.895,26.3524,26.1879,24.1823
B6VQ78,24.1702,24.2232,22.9661,23.9612,20.8063,21.7547,21.7957,19.9784,21.642,20.6649,19.8164,20.3838,21.0986,21.2985,21.5946,21.1327
B6VQ78,20.6392,21.7098,20.9488,20.2275,20.1589,18.8541,20.92,20.1963,23.6822,23.377,23.6016,23.0704,19.8899,18.6924,20.4361,21.3514
D9PTN8,20.5785,20.5149,21.7013,21.0948,20.4975,21.8731,21.6907,20.9261,21.3977,21.2719,21.0537,21.2828,20.9566,18.7733,20.8016,21.1581
B7WN71,21.2807,21.2965,21.2213,20.4487,20.5753,21.8538,21.7585,20.5651,23.5192,22.6347,24.6094,23.4524,23.1489,25.845,24.9966,23.8267
B7WN95;Q22716,20.3419,21.2027,20.3604,20.3478,22.1949,23.4438,24.3243,23.0751,21.6393,20.813,19.4023,21.1742,22.8597,21.9995,21.2783,20.3977
B7WNA1,21.7147,22.5178,22.0646,22.4565,25.9612,24.5155,26.1278,23.7499,21.2993,19.6165,20.9416,20.8479,23.4342,26.3625,27.8663,27.7608
B9ZSG9,21.5045,20.9024,21.5147,21.3549,19.8703,21.3079,21.6396,20.3982,21.1978,21.8127,22.4531,23.278,21.9632,20.988,21.3919,20.4921
C1P636,21.471,20.7173,19.5881,21.9699,24.3829,27.3911,27.7469,24.7838,20.779,21.0683,20.7227,21.02,27.3936,22.2508,24.0562,23.2087
C1P636,22.5521,21.6449,21.9665,23.5047,20.0767,20.7002,20.7928,20.7136,21.7447,20.9783,21.5709,20.5026,21.5017,20.6155,20.9376,20.8148
C1P636,28.286,29.9323,29.7354,28.7573,26.7961,29.2473,28.5872,27.7194,30.0731,29.2611,30.0036,27.1609,27.3016,27.091,26.9855,27.1379
C1P636,20.1321,21.8338,21.1902,21.0473,20.095,21.0316,20.7677,21.2815,20.6949,21.4646,21.6526,21.297,20.7915,18.6303,21.4809,21.2311
C1P636,22.8085,23.5901,24.9533,24.3424,21.381,24.6498,24.5692,23.2222,24.2267,23.6741,25.6649,25.6374,21.5846,20.2994,20.0581,19.0028
C6KRI9,21.458,21.5299,22.758,22.377,23.4178,22.6652,22.4566,21.8489,21.7316,22.0649,22.6537,22.0835,21.9266,19.3904,20.3025,21.3167
C6KRJ1,22.732,24.4234,23.0384,24.1261,20.6147,24.5905,24.5901,23.698,25.2667,24.4006,24.3994,21.1837,25.9445,23.7488,23.1183,23.9353
C6KRJ1,19.5567,21.5613,21.3932,20.3586,20.6628,21.0369,20.9473,20.4694,20.9254,21.2201,20.9721,21.3205,20.6562,21.2023,20.4001,21.4084
C6KRL2,20.5165,20.4768,20.0589,21.1083,20.8262,20.981,21.7895,20.1363,21.3642,20.8587,21.6605,21.4991,22.8889,21.835,24.3561,22.8322
C6KRL2,20.7262,21.7809,21.8341,20.1589,22.9168,23.8624,23.4076,23.9452,21.518,20.5641,20.9167,19.0885,25.5941,21.7457,22.4191,22.735
C6KRL2,21.3622,21.7378,21.3455,21.7891,20.2009,21.6174,21.8525,20.0957,20.9206,20.205,20.5774,20.9269,21.2868,21.1702,20.1776,21.2708
C6KRN1,20.1318,19.6751,21.7919,20.0726,23.1583,24.5248,25.9561,23.2362,21.484,21.5206,21.2411,20.3934,21.2725,20.4811,20.8668,19.7007
C6KRN1,20.3814,20.4836,21.7323,21.738,22.1506,23.3214,24.4259,21.7815,21.796,20.2897,20.8251,20.2123,22.4722,21.5802,20.6416,21.6901
C7GIK1,23.811,22.8812,22.466,22.9325,23.3502,23.4996,22.6015,23.7689,24.5533,24.9669,24.442,23.6684,23.2566,25.7555,25.0678,24.4368
D0IMZ5;U4PM01,21.5477,19.0419,20.7347,20.8467,20.9014,21.698,19.3266,20.3338,20.4063,20.9288,21.6402,21.1567,20.9664,21.1219,21.2973,20.5326
D0IMZ5;U4PM01,20.606,21.0738,19.3191,21.881,19.5755,21.3665,21.3168,19.8443,21.5125,20.0789,20.6525,19.8493,21.7955,19.2461,21.4775,21.4753
D0PV95,19.3101,21.5928,21.3521,20.4235,19.336,21.5063,21.0711,20.7198,21.3794,21.5366,20.5142,21.3843,22.0229,19.7411,21.0967,21.6996
D0Z5P0,21.329,21.5462,21.6418,19.4906,20.5128,21.7192,21.6914,19.8671,20.4903,20.513,20.9884,20.1689,21.4557,20.0335,20.3962,20.3614
D0Z5P0,20.7662,21.4595,20.9881,21.0587,20.1461,21.3154,21.7611,20.5787,18.7222,20.8157,21.0419,20.9418,20.359,19.1344,21.2743,20.7016
D0Z5P0,20.4718,20.3956,21.7591,21.5323,20.8005,23.2358,22.5839,23.7822,21.6657,20.9494,20.5703,20.7088,20.301,21.1824,21.586,21.3731
Q22832,24.509,25.7114,25.2927,25.8654,23.0661,24.3663,23.8804,23.8569,25.4476,24.7667,25.5468,27.4295,21.7678,20.4897,21.5053,21.0149
Q22832,25.3073,26.7902,26.0234,27.1309,20.4505,20.5782,21.5406,21.0552,20.76,19.8659,20.4732,20.4041,21.2276,21.5547,20.6354,20.5055
Q22832,23.796,25.5118,25.5586,26.0285,22.5459,25.5605,25.091,24.0634,24.0034,23.9793,23.6716,23.3197,25.435,25.4003,25.6343,25.4797
Q8WQB8,20.462,19.6709,21.2049,21.2928,20.2351,19.5339,19.8739,19.2225,21.8786,19.1683,20.8092,20.9791,22.0855,20.489,19.631,21.2149
D3NQB5,19.858,21.7673,21.5756,21.8638,19.1156,21.4079,20.5093,21.0382,25.1644,24.8759,24.9416,23.4658,20.7621,21.519,19.6622,20.0074
D3YT77,23.0579,21.7964,24.7733,22.4304,26.9154,24.1033,23.6747,25.4848,21.9817,20.6194,21.2085,20.0378,19.7032,20.6854,20.0644,20.4718
D3YT77,20.4155,21.8365,20.9268,21.0737,20.6808,21.1046,21.0922,20.269,21.9037,19.8792,20.6222,20.1827,19.9694,20.6495,20.7197,20.3783
D4YWC3;Q9XX57,21.4333,20.9433,22.0595,22.2341,20.5166,21.2539,21.2144,20.885,20.4978,17.9466,19.3766,21.2841,23.604,24.0338,23.7666,24.081
D4YWC3;Q9XX57,22.7256,22.2712,23.2153,20.8154,22.4424,22.9434,21.4398,21.4046,21.9399,20.4445,21.6109,23.8536,24.4575,22.9531,21.5042,23.3842
D4YWC3;Q9XX57,23.5316,24.951,24.5745,26.6976,22.8801,23.3068,27.7911,25.1851,20.8252,19.3187,20.7424,20.6136,29.6367,25.1263,25.927,26.0358
D4YWC3;Q9XX57,24.5724,24.1726,23.2585,23.9493,23.5754,24.7777,25.0008,23.6026,24.0414,23.2599,23.3684,23.8516,26.3752,24.0211,24.3202,23.3132
D4YWC3;Q9XX57,24.5962,26.2509,27.3165,25.7321,26.1208,25.6806,26.0864,27.6045,23.9589,24.9347,24.7792,24.7218,28.3872,26.1729,26.5648,25.0929
D4YWC3;Q9XX57,21.0199,19.8687,22.1953,21.7426,21.8896,23.0164,23.8282,21.933,25.0168,22.7489,23.5382,24.3993,26.3976,23.2654,24.2041,23.7284
D4YWC3;Q9XX57,22.6413,23.6886,23.9567,23.1156,24.1722,24.9597,24.2955,24.4554,22.0108,20.7942,21.9539,25.7404,22.0872,20.3755,21.199,21.0296
D5MCN2,19.3632,21.6291,21.1927,20.2531,20.0091,21.4229,21.753,21.1571,21.1054,19.6121,21.0601,21.4013,20.7793,19.1281,18.2763,20.6026
D5MCQ2,20.5531,23.5261,22.4428,23.3767,21.6908,21.6015,22.5819,20.5493,21.0324,20.305,20.7311,21.2944,23.4853,24.8378,25.0097,24.0681
O17698,21.8007,21.5575,23.2903,22.7348,23.0986,24.4448,22.2894,22.8749,21.2444,19.3065,21.5333,20.9985,22.1082,23.4655,25.0932,23.4196
D5SGZ9,21.4477,20.0657,21.1602,20.4018,21.7439,23.2456,22.6293,24.1669,21.3976,20.1255,20.0957,20.2174,25.0401,23.4298,22.9621,21.7778
D5SGZ9,21.3475,20.6855,20.406,21.129,20.4144,20.3889,21.4911,19.3456,21.0542,19.9669,19.7995,20.951,21.6599,21.139,21.8208,20.6356
D5SGZ9,20.6243,20.0165,20.829,21.0184,21.0305,21.5461,21.2657,20.4079,21.7452,20.2396,19.7755,19.6621,22.1737,27.9752,27.8341,27.1099
D6R8W5,20.947,21.2828,20.7847,20.6311,20.5775,20.6584,20.4089,20.089,21.4066,20.4052,21.1861,21.2875,21.4111,19.8683,20.5899,20.0127
D6VPA0,24.2114,24.2647,22.7943,24.0267,20.1119,20.988,21.5651,20.6464,25.4788,24.3411,25.1425,21.151,24.6351,22.9607,23.1795,24.7299
D7SFI3,19.9579,21.7285,21.4936,21.9161,20.6607,21.3496,20.2431,21.1154,20.5175,18.5403,21.6985,20.5181,21.7864,20.9101,20.8262,20.7634
D7SFI3;P34345,20.7498,21.4681,19.2222,20.8547,20.6835,20.736,21.5539,19.5172,20.1356,20.356,21.7148,21.1298,22.043,20.7618,20.7598,21.2172
D7SFI3,20.9727,20.3889,19.7809,20.9525,19.5614,21.8254,21.8673,18.672,20.2683,19.922,20.0086,19.8927,21.2841,21.0327,20.8541,21.3301
D7SFP5,21.0707,21.2785,21.7707,21.221,20.8534,21.5535,21.5379,21.2778,21.6512,21.2143,21.8261,20.8225,20.7459,21.1784,20.0593,20.0774
D7SFP5,20.5736,20.6922,20.5006,21.3977,20.1464,20.9426,21.4599,20.0281,21.2036,21.166,21.5705,19.3383,21.7601,19.6512,21.4424,20.87
D7UU24,21.193,20.4172,20.7645,20.2306,22.3934,22.9942,22.3499,23.3506,21.9611,21.138,20.075,20.4457,21.0685,20.3292,21.7643,19.8816
D7UU24,19.4921,21.6242,20.4722,20.9809,20.6237,20.117,20.3076,19.5204,20.816,20.0873,20.2643,20.2662,21.1658,20.3953,20.8076,21.2648
Q9U3I3,20.6532,20.3517,20.5951,21.28,20.8559,20.9348,20.5486,19.8233,21.698,19.9376,19.6743,21.4237,21.3365,20.1142,21.5621,20.1326
D9PTP5,20.342,20.5377,20.6389,21.5068,20.9855,21.3954,20.5594,20.7183,22.7973,22.9719,24.6081,24.7735,21.1895,21.3824,20.7794,20.8273
D9PTP5,21.4286,21.0129,21.679,20.386,20.8272,20.816,21.7892,21.195,22.7973,22.1919,22.3804,23.9722,21.9078,21.0749,20.6752,21.6477
D9PTP5,21.4505,21.0761,21.254,20.5541,19.7705,20.8345,21.7663,20.8192,21.3622,19.2111,20.0698,21.0408,23.4527,23.6869,25.4489,23.7594
E0AHE1,22.5211,22.1282,22.0692,22.4583,20.1416,21.7248,19.8681,21.1995,20.5217,19.3192,20.7679,20.4485,21.3898,18.491,20.1687,19.5341
Q20396,21.1974,21.3968,19.7806,21.4882,20.933,20.9969,19.6464,21.2581,25.0589,24.8991,25.7743,25.6437,26.3412,24.9138,25.5935,25.8107
E1B6S4,22.2587,21.7865,21.9052,22.6042,21.0927,21.6643,21.327,21.0267,23.2166,22.5892,22.6245,25.0585,20.6296,20.8935,19.8945,21.0667
E1B6U2,24.9753,23.5905,23.234,23.2345,24.8068,22.1096,22.3523,22.1385,24.1822,23.1883,23.9172,24.5745,24.3201,24.1817,24.6763,23.9232
E1B6W0,26.8857,27.3456,28.2021,26.8622,25.7082,27.6887,27.6647,26.3795,27.0429,26.9682,27.715,25.5443,24.9578,24.3201,24.1971,22.7185
E3W743;Q93636;Q93637,23.9948,23.9798,23.8844,24.2964,23.683,25.806,25.0407,23.0614,23.4785,22.5451,22.2794,22.9017,21.9386,23.4778,24.4359,24.2272
E3W743;Q93636,20.9469,21.0794,21.1528,20.3796,19.48,21.4577,21.0537,20.8928,20.5711,19.3733,21.3114,21.0815,19.5082,20.8382,21.6014,21.2696
E3W743;Q93636,20.7004,21.8429,20.1557,21.4727,23.8426,23.9153,24.3983,24.8814,21.9722,21.2444,18.8298,17.4473,20.0967,20.5342,21.3376,19.9676
E3W743;Q93636,21.5349,20.3886,20.8297,21.3889,22.7842,23.4928,22.6452,23.5871,21.0424,20.5026,21.4125,20.691,21.0965,20.3727,20.8975,19.7538
E3W743;Q93636,23.6647,22.1125,23.5643,23.6853,20.7085,21.192,21.5474,20.3623,20.2654,19.2622,21.0751,20.4301,20.3161,20.8165,18.9292,21.2438
E3W743;Q93636,20.5891,21.3784,21.1348,19.8662,20.8697,19.7825,21.7638,21.0557,21.371,20.6411,20.6673,20.2437,22.7731,22.9649,23.0483,23.8142
E3W743;Q93637,20.8026,20.0346,21.5004,21.3303,21.0332,21.2105,20.7529,19.7911,21.3927,20.7671,21.0962,21.1604,19.8778,19.6808,20.2872,19.5568
E3W743;Q93637,24.0117,22.4917,23.1279,23.4397,22.5866,23.5466,24.2028,22.9432,20.4159,20.996,21.7019,19.666,20.3463,20.7011,20.9954,19.0019
E3W743;Q93637,25.8399,23.9853,24.519,24.6093,23.5746,23.2003,23.0437,22.3095,20.8204,21.4409,18.7951,20.5006,23.3805,21.5589,22.1562,23.5521
E3W743;Q93636,19.3338,21.653,21.173,19.7927,20.225,21.1236,21.6591,21.0512,20.0389,20.327,21.0417,19.6274,21.6621,20.3521,21.3111,21.1318
E3W743;Q93636,24.133,23.9784,23.5408,22.824,27.083,23.8738,23.1201,22.3789,21.1276,21.52,19.9632,19.6248,20.8658,19.8694,20.6688,19.3774
E3W743;Q93636,21.1239,21.1843,20.187,21.4077,23.417,24.8483,24.9713,24.9752,20.9533,21.2277,21.0674,19.8928,21.0205,21.1301,19.5903,20.2084
E3W743;Q93636;Q93637,25.1225,26.934,26.0942,25.9881,26.1476,27.7598,25.699,26.599,24.8303,23.2406,22.5627,26.9486,27.0915,24.7179,25.0206,26.8758
E3W743;Q93636,24.6741,24.4559,24.6876,24.5936,19.5841,20.0197,21.4333,20.1896,23.0994,20.8578,22.7501,20.5856,20.9259,19.2507,20.5517,20.661
E3W759,19.4932,19.6884,21.2694,20.5696,20.7136,20.8377,21.7322,21.3593,21.006,20.2356,19.6376,21.0252,20.5132,20.7883,21.8488,21.4643
Q21162,24.9527,23.2554,25.2079,23.8752,20.6212,21.3923,19.5863,21.4249,20.4125,20.9919,20.1365,20.7898,22.0285,24.4394,23.5579,22.3935
Q21162,20.78,19.8698,20.7167,20.467,20.7202,19.4023,21.1648,20.7119,21.8611,20.4563,19.7144,21.3679,23.2265,25.4416,24.7661,24.9221
Q21162,26.3238,23.832,24.4604,24.055,18.412,21.9761,22.437,20.9131,25.6598,24.5876,26.5991,26.3522,24.9493,23.3104,23.4371,24.8981
Q21162,20.5278,21.4068,20.3827,19.9293,21.3979,23.1015,23.6577,22.2046,25.5786,26.6759,25.3105,24.6104,23.992,22.54,24.1117,23.0936
F5GU98,19.5326,21.7138,21.0434,19.7927,21.3739,22.7872,23.1814,22.0419,21.6326,20.9995,20.4899,21.3964,21.3846,20.9293,21.5155,21.2786
F5GU98,27.3912,28.4887,27.9148,28.592,26.039,28.0582,27.9882,26.886,29.0581,28.6953,28.833,25.3364,26.8549,23.2062,22.7867,23.1564
F5GU98,25.0911,25.5619,25.5724,25.2545,26.3064,24.329,25.2574,25.1132,20.8372,20.395,20.469,20.1997,21.6217,21.2926,20.385,20.6937
F5GU98,21.4769,20.5813,21.3158,21.6724,19.8325,21.4652,19.5098,20.6719,23.8003,23.1075,23.6058,27.0348,20.8656,21.1248,20.5603,20.9503
F5GU98,22.7896,23.7029,24.7076,23.9893,21.0236,21.0779,20.8861,21.0805,21.7716,21.3662,20.3378,21.3412,20.4508,19.8037,19.5303,21.0572
F5GUH0,25.1575,25.0955,24.2949,23.5751,24.8774,26.1593,24.1917,25.0649,25.4083,24.8316,24.7288,22.8805,21.3352,19.8311,20.9052,21.5067
F5GUH0,23.8221,24.0495,24.0552,24.246,22.6943,22.5066,23.945,23.1711,24.2132,24.3688,25.0392,24.0397,23.0706,24.9485,25.6519,24.0355
F5GUH0,24.017,22.87,22.9795,23.435,19.8154,22.8482,22.7736,21.4886,25.0425,23.5921,24.0249,25.3588,24.4989,24.3886,24.4009,25.7436
F5GUH5;H2FLK8;H2FLK9,21.1169,22.8593,21.6575,22.7,20.8572,21.1005,21.5266,20.4866,21.786,21.325,20.4004,19.5194,22.3971,21.7024,23.008,23.2716
F5GUH5,19.8039,21.1505,21.5344,22.3732,20.254,21.4854,19.9515,19.2787,22.1746,22.106,23.2125,21.7074,24.7102,23.6755,24.8627,25.3188
F5GUH5;H2FLK8;H2FLK9,20.8876,20.9442,18.7407,21.3473,19.821,19.2827,21.5172,20.6672,19.6649,19.5664,21.8065,19.7986,23.3103,23.708,22.3517,22.6862
F5GUH5,22.5941,22.6328,23.7112,22.7021,21.7975,22.704,21.4572,23.3792,21.6614,20.1857,21.0012,21.3633,26.8608,26.5936,26.7202,26.0229
F5GUH5,19.8158,20.3572,21.4911,21.0262,20.9402,21.8762,21.1425,21.2165,23.447,22.021,23.0596,23.2056,26.9483,24.938,24.9145,24.8782
F5GUH5,20.8441,20.2515,19.305,21.4654,20.3627,21.5457,21.0648,20.2835,22.4922,23.2017,22.7273,22.534,21.0351,20.2858,21.4442,21.1238
F5GUH5;H2FLK8,20.849,19.9438,20.4795,20.2397,21.0545,21.8849,21.8216,20.093,21.6796,20.9741,19.8355,20.5693,28.0274,23.7744,23.6518,23.4601
F5GUH5;H2FLK8,20.8574,20.2747,21.0775,19.8393,23.4186,24.4089,27.2696,24.4006,21.7716,21.5214,20.6574,20.3461,23.6029,25.8141,26.6963,25.9984
F5GUH5,21.372,18.5707,21.0991,19.3778,20.8985,21.3318,20.4516,20.5618,21.7432,19.9116,20.8119,19.822,25.3681,21.7453,22.5474,24.1038
F5GUH5;H2FLK8;H2FLK9,25.5175,22.864,21.7071,21.3364,23.1031,22.9656,23.0712,20.7868,22.7463,23.971,23.5518,25.4282,26.5153,25.2969,25.8824,25.8314
F5GUH5;H2FLK8,21.164,20.8451,18.7523,21.7148,21.0137,19.8782,20.768,21.1812,22.6564,21.6212,22.3422,22.6022,24.3787,26.0296,26.4646,26.0389
F5GUH5;H2FLK8,19.7469,21.2857,20.8301,21.4582,20.1489,21.6272,20.6154,20.4555,18.8293,20.5273,20.3828,20.4852,23.1722,23.9112,24.355,23.9757
F5GUH5;H2FLK8;H2FLK9,23.3529,23.3407,23.2165,22.1805,19.3893,20.4472,21.0859,20.5933,20.8449,21.7055,20.883,20.4,26.761,25.4641,26.1456,26.293
F5GUH5;H2FLK8;H2FLK9,19.581,20.4294,21.1208,21.6285,19.856,20.7126,20.72,21.074,22.636,22.6672,22.4652,22.7947,21.7264,21.281,20.3229,20.8425
F5GUH5;H2FLK8;H2FLK9,20.0424,20.0317,19.7378,21.159,19.7828,21.3799,20.9951,20.3884,21.2805,19.3518,20.9873,19.7246,26.333,24.2896,25.0401,24.7787
F5GUH5,20.679,21.0584,20.8138,20.6139,20.4893,21.1275,21.4089,20.2303,20.8338,21.472,20.5808,19.9363,21.3451,20.6661,20.8898,20.8606
F5GUH5;H2FLK8;H2FLK9,21.432,20.9741,20.2535,20.5015,20.7088,21.7923,20.0592,21.3362,21.4858,19.618,21.8693,21.2958,20.9158,20.159,21.4155,20.014
F5GUH5;H2FLK8;H2FLK9,20.7112,20.9957,20.2963,21.902,21.0052,23.5474,23.1617,22.0679,21.9971,21.28,22.9369,23.0593,27.0649,24.9231,24.3599,24.0368
F5GUH5;H2FLK8;H2FLK9,20.1452,20.5765,19.9261,21.8473,20.9288,21.0335,21.738,20.018,21.728,20.1696,21.0936,21.0676,24.4286,23.9994,24.3944,22.7156
F5GUH5;H2FLK8;H2FLK9,21.3391,21.1238,21.0853,21.084,21.0233,21.1303,21.6585,20.3881,19.9818,21.1377,19.8185,21.5478,24.732,24.358,25.4216,23.9287
F5GUH5;H2FLK8;H2FLK9,20.4661,20.3986,21.1619,21.5691,20.1463,20.5766,21.0103,21.4246,21.5028,20.3416,21.886,19.6792,21.5297,21.0369,19.7435,19.9986
F5GUH5;H2FLK8;H2FLK9,22.7856,22.4794,23.1369,22.4116,22.5733,22.2498,23.2868,23.0305,23.1614,22.9686,23.1971,20.5149,26.5965,25.0261,25.2502,25.5303
F5GUH5;H2FLK8;H2FLK9,21.2084,21.693,20.8201,20.5163,20.1843,21.5453,20.7164,21.4378,22.7409,23.0439,22.9925,24.1969,24.3152,23.0867,22.4724,22.8281
F5GUH5;H2FLK8;H2FLK9,20.7042,19.1772,19.6112,20.3177,19.7974,21.3139,21.7209,21.261,20.9946,20.4929,21.1237,21.4663,25.9723,27.2508,26.7559,26.2842
F5GUH5;H2FLK8;H2FLK9,22.7999,23.6004,22.1527,22.6992,19.6806,21.6508,21.2409,22.1941,23.2797,23.0881,23.6956,22.2436,20.1419,20.5963,21.7582,21.4694
F5GUH5;H2FLK8;H2FLK9,20.361,21.1695,20.0767,21.2236,20.2016,21.1026,21.545,19.7442,22.2295,22.3028,23.9641,23.6982,23.9597,24.7906,24.6239,23.1529
F5GUH5;H2FLK8,20.7181,21.5584,21.1805,21.4117,20.3641,21.1661,21.8661,21.2385,20.5506,20.8002,21.3018,21.3421,23.0337,22.7188,24.1464,23.4974
F5GUH5;H2FLK8;H2FLK9,25.3514,31.6283,31.3152,23.5815,22.8859,21.441,21.7146,23.1368,25.6856,23.1551,24.5563,22.5573,26.6691,24.6571,24.7509,23.2271
F5GUH5,21.4226,21.6582,20.0706,19.4954,20.704,21.8648,21.3522,21.4281,21.0718,21.3705,20.1624,18.6527,26.1573,22.5932,23.1238,22.2627
F5GUH5;H2FLK8;H2FLK9,20.6296,21.2947,21.3842,19.8116,20.5895,21.9127,18.4564,18.7559,20.5097,19.2598,19.985,20.7464,24.5338,23.5819,25.6041,23.5794
F5GUH5;H2FLK8;H2FLK9,20.1275,21.4794,21.8223,21.0028,20.6099,19.2115,21.3366,19.1262,21.2945,18.797,20.3489,20.9265,24.8574,23.4775,25.0688,22.9989
F5GUH5;H2FLK8,20.5191,21.1312,21.0353,21.8141,20.3545,20.8769,21.4374,19.6733,21.0259,19.9321,19.4678,20.2406,20.4629,19.7544,21.6315,19.6563
F5GUH5;H2FLK8,19.7942,20.4536,18.743,19.9122,21.0578,20.8812,21.4376,18.5263,20.8603,20.0565,21.0867,20.8103,22.4641,23.5171,24.6332,22.697
F5GUH5;H2FLK8;H2FLK9,23.7232,23.7936,21.9605,22.4017,20.6805,21.2729,21.8814,20.1657,22.583,21.1796,23.3115,22.0721,25.5136,23.8297,22.6928,25.011
F5GUH5;H2FLK8;H2FLK9,20.106,20.3945,20.705,20.8945,20.6454,21.3524,21.324,20.3719,19.3095,21.2785,21.7548,20.4126,21.4835,20.3747,20.4082,21.4701
G1K0V8,20.0695,21.6961,20.1015,21.5089,19.7996,21.3635,20.5268,21.184,19.2475,21.4985,19.9723,19.1706,21.8438,20.0385,19.2465,20.5168
G1K0V8,21.4443,21.2576,20.1452,19.3329,19.7205,21.3146,21.4483,19.5613,21.87,19.9593,21.692,19.529,21.0412,19.3657,20.5122,21.4351
Q1ZXU6,24.5524,26.0163,26.6642,25.9541,20.8381,21.9179,20.206,19.2636,27.4105,27.5245,27.7932,26.6016,26.617,28.0607,27.7717,27.6807
G3MU14;P48727,24.623,24.1842,22.8376,23.9729,23.1553,24.0799,24.2504,23.1323,24.3851,23.2318,24.0868,21.6718,20.5402,21.5489,20.6184,20.6828
G3MU81,20.6126,21.7916,21.7614,21.6173,19.527,19.9907,20.4487,20.3092,21.0256,20.0924,21.1434,20.4903,21.0378,19.7004,21.3837,20.2623
G3MU88,22.8923,22.0599,22.2083,22.1657,19.6961,21.6461,21.1584,20.2503,20.2315,20.8807,21.0706,18.3942,25.6764,26.2766,25.2539,27.2704
G3MU88,20.5626,22.6411,22.5036,23.3629,19.7597,19.4549,19.9067,21.1023,21.0555,20.1265,21.3889,20.8569,22.9032,25.4098,25.2602,26.7061
G4RTI0,20.331,20.9257,21.4048,21.5074,22.3206,23.6245,23.3724,23.7725,21.9839,21.1742,20.5383,21.2901,21.1913,20.4608,21.2906,20.8532
G4S034,25.1527,26.0482,23.8057,24.649,19.6853,21.0597,21.4391,20.9118,24.6493,23.8398,22.2937,21.6693,21.9251,20.0503,21.4131,19.8407
G4S034,20.4438,23.7232,23.9209,22.8248,19.0348,21.775,22.3421,22.4258,23.6352,22.1954,24.1979,21.9873,24.1975,20.5258,22.0918,23.4809
G4S034,21.2368,21.7553,20.2823,20.9256,21.9042,22.8536,22.6742,22.2365,25.6433,23.4892,24.7416,23.5449,21.2161,17.4424,21.0169,20.5315
G4S034,20.6752,20.2325,21.7791,20.9626,20.1481,19.438,21.5672,21.1794,23.2801,22.0795,22.2808,21.0165,21.2868,20.4063,21.3809,20.4732
G4S1A4,19.0564,21.7053,20.0874,21.4653,24.3862,24.041,25.7179,25.2913,20.7735,20.9602,20.7048,21.3156,20.9749,21.1936,18.246,21.6419
G4S1A4,26.3782,25.4129,24.8804,27.7886,24.9485,27.6966,27.4842,26.1017,27.42,26.3162,27.3741,28.1204,20.4105,20.225,20.922,19.8277
G4S1A4,20.2923,20.5524,20.7386,20.3386,18.4634,20.7715,21.5109,20.2495,21.1023,21.2539,20.8424,19.8816,20.7575,21.045,20.0703,19.6645
G4S1A4,20.1994,20.3616,21.2629,21.2573,19.9635,21.7908,21.1171,20.8908,19.8132,21.4034,20.9491,19.9845,21.3058,21.1954,20.0281,19.7989
G4S1A4,24.2867,23.9201,22.7945,21.9643,24.296,22.6981,23.4719,21.7269,21.4401,20.0601,21.1771,20.7819,21.0707,20.0703,21.6791,21.6224
G4S1A4,23.678,25.273,24.4337,24.7714,24.2557,25.7883,25.5714,25.1184,20.6017,20.9969,20.0707,19.232,20.8517,21.3959,21.2816,20.3051
G4S3P8,25.2203,24.4775,23.3842,25.9462,22.1278,22.9808,23.3795,23.0406,24.4314,23.938,24.1683,23.3203,21.3145,20.3924,20.6135,21.2163
Q20314,20.3129,20.4551,19.6915,21.7764,19.8769,19.8227,20.8505,21.088,20.7303,20.8137,20.6333,21.0189,21.7567,21.5087,20.7334,21.5691
G4SI07,20.2488,19.6437,21.7634,21.8999,23.5769,24.388,25.2703,23.1269,21.3425,19.9169,21.572,21.0847,21.4758,20.5714,21.023,20.5831
G4SI07,20.4669,21.6055,21.0779,19.9946,18.3496,21.4037,21.1458,20.1697,21.7031,20.217,22.6431,26.2076,21.5975,20.3775,21.3099,21.6495
G4SL51,21.02,20.7246,19.9142,20.4467,19.9513,21.9104,21.4921,20.2955,23.0649,24.0659,22.4,25.6043,20.6406,21.4308,21.3943,20.668
G4SLH0,23.6708,23.9676,23.524,24.0924,21.7835,24.5996,24.8666,23.9346,22.9139,22.476,22.9992,22.4683,19.6536,20.1357,20.188,20.6883
G4SLH0,19.8928,20.0542,20.8798,20.9977,20.4708,20.9035,21.6661,21.3508,21.4225,20.883,20.3487,21.2938,20.4811,21.1149,18.6789,21.4028
G4SLH0,21.0725,19.963,21.3875,21.2309,20.1354,21.4085,21.2647,19.6786,21.4188,21.3908,21.5906,18.9543,20.4948,21.1327,20.4976,20.7944
G4SLH0,21.0921,21.6247,21.3885,21.4803,25.8059,26.727,28.0567,27.77,20.0305,20.8962,21.5652,21.4413,21.0621,21.344,21.2815,21.2308
G4SLH0,24.2838,24.9995,24.3985,23.1974,24.2942,25.6289,26.6844,25.3033,24.0232,24.2058,25.7332,25.5777,25.8015,26.1338,27.8057,28.1513
G4SLH0,21.4082,21.5136,20.6191,19.8356,20.8491,21.6054,21.7083,20.0814,21.5074,20.5347,20.928,20.6755,22.0813,20.3171,20.6802,20.4823
G4SPY1,24.5208,24.4715,24.4088,25.9415,22.0083,23.8569,23.0159,23.4041,25.1092,23.3021,23.3497,25.9035,22.3323,24.7163,25.4314,23.9657
G4SRU7,20.5299,20.5978,21.7836,21.1957,22.8051,24.6733,23.6944,23.735,24.294,23.215,23.2031,27.3128,21.9204,20.5561,19.6473,21.6818
G5EBF0,23.9491,21.8735,23.263,23.4871,21.0169,22.8644,21.7492,21.5142,21.5645,21.0207,21.5325,21.173,21.7004,22.5378,23.341,23.3482
G5EBF3,20.425,21.061,18.9799,21.3475,22.4799,23.6809,23.7829,23.2607,20.953,21.259,21.0832,20.9878,27.3892,23.0048,22.2044,22.5566
G5EBF3,21.6074,21.567,21.0483,21.8078,20.9002,21.272,20.4751,21.4344,20.3221,21.0121,18.2571,19.2428,27.9958,29.1259,27.9943,29.1184
G5EBF3,21.018,19.8134,21.3622,21.1641,23.7034,25.4905,25.5832,25.269,20.21,20.4909,19.9259,19.3377,27.4315,27.0833,26.0691,27.699
G5EBF3,21.1373,20.816,19.9249,20.4861,20.0727,21.5761,21.0776,19.7939,21.2582,19.808,21.634,20.3556,26.8293,24.4629,24.8163,24.2459
G5EBF3,21.5021,21.8462,19.0956,21.5403,20.4578,20.576,21.6703,20.3629,21.8744,21.3014,21.0512,20.5618,22.3019,26.8085,25.9655,24.327
G5EBF3,23.6505,24.44,23.748,24.7331,20.171,20.4904,19.99,20.5098,24.7662,24.3367,24.7177,21.1204,27.4312,25.4729,25.7257,25.2647
G5EBF3,19.7654,20.0778,20.781,20.8316,19.7389,21.0516,21.8641,19.9408,21.9906,21.4411,20.2696,21.5749,22.9062,20.7042,19.3883,20.0104
G5EBF3,21.4815,24.0831,23.3699,23.6004,23.8578,24.3076,24.0987,23.4976,25.103,23.9145,24.4421,23.7156,21.4219,19.8419,21.0735,19.0517
G5EBF3,22.8804,23.1448,23.1065,24.5977,22.8904,23.3172,24.4485,23.0921,20.5829,20.2487,21.2415,20.9796,24.4716,23.2671,22.2498,23.0638
G5EBF3,22.9584,22.4429,21.9167,24.6607,22.1063,22.9959,22.7432,23.2599,22.5338,21.9166,21.2323,22.9916,26.2201,25.1668,24.6933,24.2404
G5EBF3,23.655,23.7981,23.824,24.2615,24.1621,22.9086,22.4579,23.0699,24.6522,23.1314,25.3758,23.7184,23.3287,25.3207,25.8379,24.261
G5EBF4,19.4251,19.5128,21.7319,21.8046,19.8797,21.1657,21.601,20.5923,24.0524,23.6398,23.246,20.9329,21.3204,21.101,21.485,19.6857
G5EGE0,21.4956,20.3226,21.6322,21.7666,20.2947,20.2666,20.895,21.2041,21.2036,21.5314,20.9069,20.7849,21.8123,20.4366,21.4944,20.6818
G5EBI0,22.53,25.2685,23.6602,23.6971,22.5647,21.8384,22.8298,21.2135,23.8344,22.8864,23.8078,25.7474,24.3373,25.4892,24.8489,24.4332
G5EBJ9,20.5964,21.5186,21.5156,19.1846,22.5199,24.2835,24.6204,22.076,20.8847,21.3552,21.0372,21.0042,21.3136,19.6528,21.2419,20.4213
G5EBJ9,21.3778,21.2975,21.6451,21.1418,21.0297,21.5343,21.5988,21.1243,21.0161,21.6608,22.294,22.0256,20.8737,21.1848,20.5911,21.5465
G5EBJ9,23.1115,22.3753,22.6648,22.8866,27.1258,25.5377,24.9788,24.1507,20.4075,19.4298,19.0337,21.4297,21.2497,21.4922,21.5901,21.3153
G5EBJ9,20.9768,21.6236,21.3514,20.3163,20.454,20.9897,21.4866,20.371,20.7013,20.3685,21.2592,21.3963,21.1165,21.4996,20.9996,21.6522
G5EBJ9,22.3224,22.5428,22.2775,22.4536,24.7154,25.342,25.4311,24.8503,20.5891,19.1029,20.2003,21.2874,21.1237,21.0945,20.1543,19.9623
G5EBK3,23.2904,24.9957,24.5369,25.5544,19.9665,20.7805,21.7457,20.6464,21.0461,19.3552,21.1366,20.9448,21.4374,20.2198,21.2326,20.7635
G5EBK3,20.1328,21.5526,21.2586,21.4192,21.083,23.1606,22.4863,23.451,22.9729,22.9496,24.2634,22.7268,21.965,20.403,20.8863,21.0408
G5EBK3,26.1703,23.9463,23.3969,24.5972,19.267,21.7226,20.5414,21.3299,21.047,19.458,21.4837,20.2791,21.7143,20.2563,21.8184,21.1028
G5EBK3,20.5152,20.3985,21.4987,19.9593,22.8239,22.6429,22.3694,22.352,19.8521,19.5987,21.6138,20.7857,21.3216,20.878,21.239,19.7854
G5EBK3,20.2235,20.4244,21.7729,21.6658,20.5679,21.3977,21.3494,21.281,19.4302,21.2923,21.2722,19.5308,20.2376,21.104,20.7594,19.987
G5EBK3,24.8449,24.2042,25.5465,25.1504,24.2089,24.9795,25.6138,23.6622,25.6878,23.4731,24.7889,22.7708,24.0923,25.419,26.5799,26.2978
G5EBK3,21.3515,25.157,23.2592,23.0711,24.1651,24.1078,23.0068,22.3108,23.893,22.6305,24.309,24.8158,21.3342,20.8368,21.0467,20.956
G5EBN9,25.1795,24.9133,24.205,25.2813,23.8414,24.7116,24.556,23.5842,24.3889,23.3178,24.1556,24.3386,23.7749,21.1172,22.3107,25.0444
G5EBN9,22.5823,24.0042,23.5973,23.2971,20.3232,21.3899,21.0213,20.8718,24.7458,23.9173,24.9731,24.5981,21.6838,18.9917,21.5184,20.2111
G5EBN9,20.972,20.6486,20.3666,21.7729,20.317,20.8284,21.327,21.0295,25.6538,24.9197,26.5419,22.5275,23.2847,24.937,24.6071,24.4251
G5EBN9,24.841,24.0369,23.8106,23.8297,24.6222,23.5929,24.4,24.5232,23.5808,22.0858,22.5695,23.3721,25.3754,24.7487,24.4507,24.0757
G5EBP5,22.6392,24.342,24.7237,25.2001,25.2225,23.9593,24.9783,23.5426,23.3129,24.0671,23.5841,20.8862,27.2846,24.4488,23.2448,23.7091
G5EBP5,20.5188,20.8665,21.3422,21.5227,20.0526,20.2944,20.6238,21.3019,22.9349,22.8058,23.294,22.6956,25.4307,26.8448,25.3751,26.1326
G5EBP5,19.9665,20.0136,21.2582,20.2608,20.8902,20.5215,21.4984,21.0901,20.8087,20.9487,21.3205,20.8401,27.3309,22.6377,21.8839,23.3326
G5EBP5,20.4429,20.9496,19.6412,21.2041,22.9237,24.1627,23.58,23.372,21.0811,19.8883,19.9362,20.8305,27.5481,26.0941,26.3443,25.7894
G5EBP5,23.5838,25.6524,24.8726,23.5497,26.2855,25.5856,25.9779,26.1732,25.3888,25.3318,25.2015,22.6762,25.7257,21.989,22.2642,24.1613
G5EBP5,21.3526,20.7993,21.2961,21.7813,19.6927,21.3805,20.4212,21.1022,21.6863,20.3734,20.1358,19.6781,22.0959,17.7578,21.2498,20.5691
G5EBP5,18.3247,21.6033,20.4585,21.3924,20.6485,21.4333,21.8083,21.2279,21.5438,21.5422,21.3494,20.1724,21.9839,20.3525,19.5676,21.2729
G5EBP5,21.4568,20.225,19.7712,20.9774,20.3419,20.9672,20.172,19.6891,21.705,21.0318,21.6449,21.1821,21.1162,18.3432,21.2886,20.091
G5EBP5,21.5667,21.3658,21.2258,20.729,20.9429,21.3375,20.3809,20.042,21.3027,19.9972,20.9164,20.9111,21.107,21.346,20.4688,20.1948
G5EBP5,21.3127,20.9536,21.0984,21.2279,26.0237,26.36,26.6508,26.0399,23.4071,24.8626,25.2299,23.0314,22.0151,20.7755,20.3926,20.6856
G5EBP5,24.2036,25.7339,24.5943,24.0428,24.5907,25.9343,26.8591,25.1521,24.8628,24.0739,24.5408,21.2488,21.2955,20.4363,21.0173,20.4881
G5EBP5,20.5091,20.7529,20.5961,20.2546,20.4535,19.8459,20.6635,19.6702,20.8864,20.1457,19.2162,21.5231,19.9326,20.7086,20.9762,21.029
G5EBR3,21.4441,21.6832,20.4828,20.3768,19.8031,20.8847,21.8632,20.879,21.4963,19.738,21.6086,19.8313,21.1143,20.7373,21.3124,20.511
G5EBR3,21.4653,20.942,20.6958,21.3875,20.3676,21.1691,21.3507,19.6312,21.8245,20.3763,20.308,20.7154,20.1474,20.7623,20.6718,20.8006
G5EBT8,19.743,20.177,21.474,20.8641,20.9554,22.5005,21.9052,22.5408,24.6082,24.4383,24.1686,20.6416,20.8646,20.8451,20.6565,20.5712
G5EBV4,19.4117,19.6762,21.7388,21.7328,20.5745,21.1886,20.6082,20.5299,21.6065,19.5048,20.6125,21.5497,21.5519,21.1707,21.0758,20.7535
Q965J2,25.815,24.1774,25.725,24.9856,22.5307,23.4796,23.0443,23.4913,27.0677,25.1913,26.4964,20.9211,22.2302,21.3886,22.6796,22.4806
G5EBY4,22.8157,24.0005,24.3505,24.2749,24.7549,23.8902,23.2728,22.8077,24.4757,23.6561,23.9576,25.6188,25.8533,22.8064,22.0831,22.7842
G5EBY6,20.6765,21.0747,20.5409,21.937,19.0933,21.0588,21.0646,19.0359,21.8873,20.5915,21.6154,18.3148,24.4914,23.8983,24.7535,23.1924
G5EBZ4,20.0126,21.4889,20.7612,21.4677,20.9065,21.3035,21.7079,20.6018,20.6994,21.2662,21.3937,21.4434,21.7151,21.1406,20.8314,20.9986
G5EC03,19.3198,20.7863,20.7693,21.6793,20.9433,20.6768,21.6929,20.267,21.0583,21.9525,21.4757,24.3628,20.9716,19.9314,21.1705,20.989
G5EC05,20.5312,21.6883,20.018,20.1936,19.8135,21.7262,21.4781,21.2886,34.4153,34.8092,34.2996,34.2517,21.2653,21.3987,21.0794,21.3992
G5EC10,20.8428,21.1085,20.3384,21.2828,19.525,21.5843,19.9981,20.9316,21.4433,21.163,21.8903,18.8083,22.4996,24.1121,25.2431,24.8058
G5EC10,20.3296,19.4674,20.433,21.7871,20.5993,21.521,21.0781,19.0804,20.0657,21.2359,21.7458,18.0869,22.4996,21.7245,22.9067,22.3941
G5EC43,20.6178,21.1151,20.1619,21.3471,21.0195,21.6597,21.737,20.5488,25.3832,23.9072,24.3774,23.6902,19.5951,21.5739,20.798,21.3091
I2HAI6;X5LQ26,23.888,23.8526,23.6865,24.8866,24.3962,24.9846,24.5373,23.8736,22.3683,22.9319,23.4946,23.7558,21.8264,21.1061,21.6041,21.0867
I2HAI6;X5LQ26,20.3966,21.4536,20.8186,21.0931,20.5387,20.814,21.3127,20.7688,21.3436,21.4698,21.0432,20.3718,21.3399,21.5393,21.7578,20.0374
I2HAI6,20.7014,21.2095,20.9816,21.4825,18.9052,21.6807,21.5865,20.5929,21.7048,21.0634,21.199,20.4517,20.7476,20.1316,21.7535,18.4977
G5EC78,21.4061,20.6685,20.3336,20.831,19.5352,21.4852,21.293,21.1925,26.6775,26.0341,25.9795,25.2036,19.9986,20.7351,21.304,20.4753
G5EC78,25.0533,24.2257,24.6376,24.3698,22.9508,25.4451,24.6934,24.2199,25.8113,26.0341,26.206,27.4773,26.2739,24.0925,20.8693,22.3082
G5EC78,20.9914,21.4662,21.578,19.6788,19.7793,21.3233,20.9741,19.8926,21.4715,20.6103,21.4574,20.4987,22.0602,20.2713,20.0203,21.6036
G5EC86,19.8266,20.9437,21.3185,21.1625,20.4631,19.9914,20.0053,21.3328,19.1103,20.9752,21.0936,18.4913,20.774,20.6381,21.7103,20.8804
G5EC91,23.3602,24.8377,24.4504,23.974,25.1034,24.4146,25.1481,22.8374,27.0115,26.4194,26.5894,23.9489,20.6306,20.4353,20.9478,20.6904
G5EC91,20.9908,19.563,21.2648,20.4019,26.214,23.4985,23.884,23.2736,21.2945,21.3099,21.5682,20.2852,20.05,21.2343,21.8171,21.037
G5EC97,23.9922,24.5395,24.8453,24.4605,24.7072,24.1835,23.3561,23.8785,24.7823,24.2241,24.5014,25.196,20.5483,18.9962,21.8433,20.8971
G5EC97,24.5565,24.1266,24.2754,24.7475,25.9583,23.9646,23.6982,24.8935,25.1875,24.3978,25.2708,23.493,21.4547,20.8483,21.4792,20.9937
G5EC97,20.5012,19.8179,20.2524,21.652,19.1952,19.5865,21.5585,20.7765,21.0722,20.9022,21.3118,21.5347,21.0905,19.9551,21.2834,19.9658
G5EC98,20.6106,21.4436,21.2805,20.674,19.8579,21.5983,21.5402,20.9423,21.8578,21.0123,20.2639,21.4795,19.9316,20.14,21.7791,21.2895
G5ECC7,23.5381,25.0079,23.8938,26.301,25.0048,24.6486,25.8655,24.3353,23.5901,23.214,23.3201,23.2283,21.8819,21.2084,21.6142,20.2336
G5ECF6,21.0731,21.7408,20.845,20.7158,24.2663,23.5188,22.9541,24.3812,21.4525,21.776,22.0523,23.5054,20.161,19.3868,20.7175,20.4464
G5ECG0,21.0487,21.2312,19.6553,21.7426,22.8787,20.1492,19.8849,22.3542,20.7561,21.3177,21.2904,20.8336,21.5714,21.2455,19.4916,21.5625
G5EFK7,20.5554,21.6871,21.1371,21.6814,20.1473,21.5613,20.6116,21.2969,21.9911,21.2059,21.8396,21.2019,20.7284,21.3211,21.0364,20.1078
G5ECL1,20.6029,20.5141,21.3707,21.5017,20.6915,21.7483,20.7345,20.3718,21.1503,21.1118,21.9516,23.6419,20.3621,20.5309,21.6159,20.0065
G5ECM2,19.7222,20.7773,18.8726,21.0254,20.9352,21.734,21.0992,21.1696,20.3772,20.9327,21.5547,20.6329,21.8392,19.7432,20.0423,21.3742
G5ECR7,20.2887,20.9221,21.0913,21.9439,20.5571,21.8869,19.2796,21.3577,21.4856,20.031,20.2976,21.5413,23.8603,22.1273,23.1282,24.2594
G5ECT6,20.3548,21.3814,20.4765,20.7349,20.1269,19.9663,21.8419,18.8234,21.885,21.1145,21.8105,21.5066,23.4216,22.6745,23.1698,23.2674
G5ECT6,22.1167,22.2039,23.6789,23.2878,21.4937,24.4291,23.436,22.1943,24.6957,23.8915,23.825,26.226,27.0314,26.678,27.4069,27.2013
G5ECU1,21.8915,23.0025,22.1014,23.585,22.2246,23.1844,23.3009,22.1961,22.6953,21.9539,23.2936,26.8153,23.4596,25.8796,24.9506,24.4124
G5ECY0,20.1546,21.6067,21.0274,21.6959,20.6894,21.3664,20.5708,21.2669,19.993,21.2897,20.4625,19.6121,21.6115,21.3538,20.8142,20.4348
G5ECY0,21.0918,21.3048,20.8682,20.5261,20.8214,21.7054,21.0455,20.8503,19.8621,19.9665,19.9764,20.5398,22.0737,20.5593,21.1928,20.7223
G5ECY4,24.8252,25.6926,25.8604,25.8216,26.0156,26.7172,27.3918,25.7192,26.4659,25.2101,26.0936,25.7107,28.8191,26.0162,25.1391,27.4833
G5ECY4,21.4466,19.7806,20.1648,20.5609,20.8633,20.8275,21.3031,18.9016,21.8235,20.9859,20.444,20.2743,20.9796,20.7898,19.8403,21.2406
G5ECY6,20.7907,21.1788,20.3312,21.5234,20.467,21.3938,19.5175,21.2256,23.6548,22.8556,23.6571,26.2457,23.7152,21.6081,22.5733,23.2496
G5ECY6,20.0062,20.2729,21.0384,19.7902,23.0049,24.7311,24.0495,22.766,21.9759,19.1286,19.5333,18.7519,21.1554,19.4335,21.7414,20.8522
G5ECZ1;Q17490,21.1916,20.6495,21.0576,21.9663,19.4833,20.3588,20.9357,20.9127,21.1303,19.6006,21.5162,20.6864,21.2976,18.5488,20.363,21.5579
G5ECZ1;Q17490,22.2581,21.6206,22.7443,23.5355,20.6329,21.1722,19.7912,20.2358,21.6557,20.7201,21.5661,19.441,19.8721,21.0709,21.2361,20.5676
G5ECZ1;Q17490,20.3277,20.8435,21.2788,21.9258,20.5062,21.9332,22.4395,20.9091,20.6615,20.3904,21.4673,21.0461,21.2404,20.3838,19.4098,21.5654
G5ECZ1;Q17490,21.3167,20.5307,21.3447,21.6313,22.4415,22.8606,23.2582,22.7088,23.1666,23.3769,22.121,20.7089,21.1267,20.6697,21.0621,20.3352
H9G337,25.5865,26.1248,25.6868,26.2433,23.4379,23.1766,21.9895,23.4049,25.266,24.8143,25.3294,23.9036,21.3203,21.3492,21.7101,20.1205
G5ED30,24.3648,23.7023,23.3101,23.0818,25.3755,23.3403,23.4193,23.9332,25.4063,25.1264,25.5574,24.5483,22.587,23.77,24.5403,23.3046
G5ED44,22.9641,25.6662,23.3032,23.7339,19.7025,20.501,20.1373,20.4306,21.7125,20.9593,20.8012,21.2061,20.2105,21.407,20.4742,20.2423
Q5FC45,21.0199,21.1042,20.8694,21.8652,19.9295,20.9817,21.8246,21.4189,23.6523,22.7987,23.072,22.0753,24.4164,26.3372,24.9953,25.871
Q5FC45,20.7245,21.0907,20.6478,21.1978,24.0945,24.8214,25.1016,23.018,23.623,21.7816,25.2729,24.7083,21.3633,20.9981,21.7381,21.6579
Q5FC45,24.6115,26.4367,26.3843,25.7965,27.2632,27.4559,28.4323,26.1803,27.2826,26.2944,27.3539,26.1053,26.8443,26.2936,27.4612,26.5911
G5ED91,25.5922,27.099,26.8447,27.5222,23.1963,23.9835,23.982,23.9059,21.2377,20.2472,21.5471,21.0468,20.3969,20.6913,21.4218,21.1602
G5EDB7,31.169,31.83,31.6905,32.2317,28.7332,31.8386,31.6127,30.8483,31.7257,32.7008,32.3778,28.7382,32.136,31.557,31.917,31.5749
G5EDD4;O18688;P34690;P91910,24.5006,24.6012,23.3913,24.1828,22.0773,25.271,23.6147,23.2281,26.6035,26.4235,26.9844,26.2328,25.1752,25.1372,24.8543,25.265
G5EDD4;O18688;P34690;P91910,25.3787,26.6959,26.5869,27.1791,24.9118,27.104,27.7926,26.3254,27.3576,28.1131,28.7483,27.3227,25.9112,25.2973,26.3021,25.4983
G5EDD8,20.2627,19.3832,21.0867,21.8545,20.1466,21.6994,20.1823,21.2151,21.0917,20.7865,20.8687,21.5662,22.3419,22.5791,24.3008,22.8139
G5EDD8,21.2698,21.125,20.7821,21.2739,20.2196,20.6263,20.9676,19.7811,20.7684,21.1544,21.4472,21.3658,24.7448,22.689,22.7862,21.9656
G5EDD8,19.6518,20.3359,20.3711,20.7501,22.5068,23.2878,23.2607,22.5795,22.7318,22.9267,23.119,26.2618,24.2218,24.7027,25.0843,24.4415
Q8WSN6,20.5815,21.287,21.7886,21.7028,20.284,21.5131,20.8336,21.2368,20.0409,21.2286,20.4907,20.8257,20.9332,20.1896,21.2204,21.4307
G5EF18,21.5048,20.3196,20.2641,21.2387,23.3385,25.7278,25.6056,24.5081,21.4381,21.291,21.471,19.9698,19.7567,21.005,21.7606,20.9923
G5EDI0,20.8362,20.2777,21.5391,21.8071,19.579,21.9115,21.0449,20.5618,21.3227,20.3783,19.943,20.5072,21.6522,20.9467,21.3559,19.6043
G5EDJ3,26.3139,27.4461,26.3441,29.0154,26.8239,27.0495,26.7856,27.0194,26.6972,28.0684,27.4813,24.6061,27.5816,27.0637,27.5065,26.9568
G5EDJ3,24.5301,25.9898,25.5667,24.7641,25.1295,24.3244,23.7508,23.7996,25.1169,24.0011,25.268,27.7969,21.9186,20.5561,20.067,20.4791
G5EDJ3,24.5387,25.9067,25.1458,25.3631,19.6056,21.5638,21.7223,21.3633,20.0449,20.9773,20.4324,20.918,24.6803,26.5458,25.4917,27.4958
G5EDJ6,20.7579,20.9793,21.3361,21.7879,23.8928,25.2727,24.286,23.5553,20.2928,19.6108,20.8382,20.6251,21.3651,20.1008,21.2721,20.3523
X5LQ26,19.4725,21.0735,21.6041,21.3408,19.6221,21.2409,21.0762,20.2124,22.4753,21.6621,22.4289,22.6321,23.9939,22.6359,23.8923,22.1413
X5LQ26,20.536,21.1806,20.7651,20.8879,23.354,25.6169,25.0346,23.7614,20.6267,19.2565,21.76,20.1122,25.9118,23.311,24.3764,23.5937
G5EDM5,20.1091,18.4326,20.75,21.2356,20.4668,21.1898,20.5235,20.0108,20.2962,19.68,21.879,20.7752,19.7601,20.0746,21.7373,20.072
H9G2Y1,19.6754,21.695,21.748,21.1407,20.7287,21.0864,21.3558,21.0826,21.4044,19.9295,20.3675,18.8177,25.1137,26.3285,26.2509,25.0685
G5EDQ0,20.9487,20.2703,19.6123,21.6476,20.7512,21.183,21.3496,20.7334,23.7188,22.8757,23.4166,23.6727,21.2752,20.5742,21.0077,21.5408
G5EDQ4,18.6237,21.8169,21.1443,21.8796,20.7283,21.1397,21.1056,21.395,21.5325,19.4631,21.5489,20.7611,21.2083,21.3199,20.2003,19.6697
G5EDQ4,23.619,23.6266,23.414,25.481,20.6069,21.2466,19.7479,19.9134,25.2683,25.4966,24.7689,22.6176,20.0917,19.9974,20.0178,20.2764
G5EDQ7,20.6255,20.7011,21.7964,21.2615,22.24,23.7079,23.9191,24.2924,20.708,20.2154,21.7626,20.1451,19.8701,21.5173,20.4969,21.1859
G5EDQ7,22.5851,23.8769,22.5315,21.7272,23.863,26.2148,26.1762,25.5617,19.8339,20.039,21.4677,19.4743,21.3083,20.4124,20.7416,21.5691
G5EDR3,23.5463,23.3213,23.1597,23.2298,23.3856,23.8171,24.01,22.0438,20.6505,21.3908,21.8294,20.819,22.3302,23.3121,25.9369,23.5548
G5EDR3,22.5089,23.3174,23.5206,22.7261,22.5013,22.5236,21.6352,21.1612,22.9518,23.6005,24.1519,26.4065,25.5811,23.3811,24.2671,23.3609
G5EDR3,20.4998,21.5097,21.0683,21.7566,20.9926,21.6274,21.4872,21.1683,21.1456,19.3976,21.645,20.7109,20.6566,19.6781,21.2577,21.6699
G5EDT9,21.4227,20.3395,21.1714,20.7344,20.9788,20.6676,21.7956,20.2436,21.889,19.7207,21.5907,19.3075,21.2147,21.1266,20.1313,19.9578
G5EFK9,24.3981,26.327,25.0552,23.7938,23.5189,24.8866,23.6586,23.9639,25.6336,25.5106,25.7879,21.8847,20.7034,20.8656,21.7493,20.5499
G5EDV3,25.2364,23.6248,24.203,23.7556,20.2235,21.3177,20.9693,19.8844,23.7017,22.1372,23.1877,23.1691,23.5016,24.6406,24.0328,24.4247
G5EDV3,20.3434,20.9446,20.3807,21.4466,17.7367,20.2513,21.5247,20.4705,21.0756,19.9199,21.8154,20.6252,24.0388,24.2654,24.173,25.2956
G5EDV3,25.3221,23.9699,24.6875,24.986,22.5501,24.0475,23.6307,24.7166,26.212,25.3608,25.6434,23.0777,24.3555,26.766,25.4959,23.9662
G5EDV3,18.5524,20.0895,21.3349,19.649,20.5496,21.9109,21.492,19.7483,21.8112,20.0979,21.6142,20.0425,24.0339,22.3044,23.4457,24.311
G5EDV3,23.9925,24.6602,23.8509,24.0996,20.9623,20.5888,20.0021,21.2233,19.8179,21.5573,20.6125,21.5822,24.6611,25.4635,25.6306,24.2425
G5EDV3,21.0104,20.7054,21.0406,21.4958,19.992,21.4195,21.7008,21.2996,19.9554,21.4788,21.4688,20.6166,18.8783,21.3922,19.9393,20.1592
G5EDY3,26.4619,26.9888,27.0016,26.6406,27.1624,27.4342,28.3679,26.2315,26.8096,25.1864,26.7012,22.9099,29.6761,25.181,26.9501,24.2399
G5EDY3,20.754,20.9917,21.3963,20.7387,20.4619,21.684,21.0193,19.5561,21.6885,21.0837,20.688,21.5398,20.8373,20.1951,20.7379,20.8713
Q564W1,21.5016,20.1787,20.4825,21.1189,19.8692,21.369,20.9682,19.6529,21.6953,21.4051,21.2765,21.0148,21.515,18.8268,21.5936,20.6312
G5EDY8,22.2351,24.8385,24.5139,26.117,19.9313,20.324,21.4849,21.087,21.1015,20.4918,21.1336,20.6123,21.1605,19.7509,20.3892,20.5514
G5EDZ9,21.5009,20.4737,21.2717,21.6245,19.7283,20.5371,21.3873,21.1496,21.1477,20.7115,21.4066,21.1099,22.0646,20.7352,20.8451,20.7744
G5EE04,19.5448,19.7083,21.4542,21.3325,20.9885,21.5346,20.4109,20.913,20.7487,19.2171,20.5949,21.085,20.7332,21.3741,21.4032,21.1839
G5EE04,18.3113,21.3646,20.94,20.5291,20.7415,23.9885,23.4791,22.8014,22.3536,20.7533,22.0995,24.375,22.732,23.4562,24.8735,22.9606
Q8I4B4,20.4271,21.1445,20.4845,21.5008,20.5083,21.3879,21.6638,21.2035,20.6401,21.4576,19.7424,20.6509,23.2659,21.0678,21.9884,23.0736
G5EE13,21.6301,20.3017,20.9702,20.5248,23.2446,24.2444,24.37,23.0385,21.7387,20.9848,20.1559,20.6799,21.0173,21.3063,20.5359,20.4581
G5EE41,20.6184,21.8182,19.0724,21.2347,22.2674,22.0604,22.0064,21.972,21.4048,21.4322,21.6035,21.3965,27.211,22.5627,23.409,23.3017
G5EE62,20.9241,20.7509,21.0507,18.2567,20.8131,21.1716,20.1406,21.4475,21.0222,20.888,20.4107,20.924,21.3312,20.9654,18.8024,21.2164
G5EE67,21.2612,21.4407,20.0065,20.2258,21.713,21.5917,22.0301,19.3219,21.0006,20.3493,20.5245,21.1649,20.9741,19.3171,21.8287,21.0659
G5EE67,19.6432,20.9009,21.1128,19.7282,19.0191,21.1776,19.6359,20.8936,21.1787,20.7215,21.7941,20.3806,22.6772,23.2697,23.1588,22.4544
G5EE67;Q9U1Y9,25.4709,25.3535,25.4266,25.4501,26.667,25.3909,25.7768,24.8622,25.3583,25.2565,26.0691,25.7105,26.7145,25.6483,26.1159,26.1219
G5EE88,20.2784,20.7123,21.5705,21.9703,19.4989,21.4793,21.2737,20.4023,21.7765,20.1432,21.1487,20.0507,20.8857,20.5233,21.8006,20.7137
G5EEA8,21.0087,21.1318,20.7621,19.4409,20.6846,20.7726,18.7395,21.006,20.4905,21.4558,21.4977,21.4035,21.6954,20.7466,20.3081,21.5003
G5EEA8,21.5525,22.4449,21.1793,21.2076,23.525,22.7655,23.4668,21.5753,23.5118,23.1666,22.9618,21.9793,24.3549,22.8091,22.1606,22.7513
G5EEA8,20.2323,21.0688,20.3744,21.9632,20.5237,20.4115,21.7157,21.3085,21.5403,18.9046,20.8041,20.0368,23.5475,25.1945,26.2772,24.9097
G5EEB6,20.2849,21.3848,19.2721,20.826,20.6484,21.7785,19.914,20.5887,21.5273,20.9237,19.1191,20.2487,21.9409,20.3778,21.6845,23.0962
G5EED5,24.343,25.3437,25.3845,25.2658,26.0035,28.4762,27.8468,26.9546,20.1805,20.7476,21.6728,20.3979,20.9093,19.7475,21.1702,20.5701
G5EED5,26.258,27.9619,27.4118,26.7682,24.6315,27.2941,27.7108,26.4038,29.2269,28.4627,28.9486,23.551,27.3211,25.3396,26.4781,23.8763
G5EEG4,20.2331,21.461,21.3244,21.575,19.8952,21.2612,20.9745,19.8769,21.5496,20.6768,21.4673,21.01,22.0072,21.8591,20.8458,23.1041
G5EEP9,21.3085,20.0209,21.182,21.8196,21.0233,21.5883,20.7255,20.1593,20.8511,20.9366,21.5605,20.8224,20.7626,20.6457,19.9032,20.6315
G5EEP9,20.8375,20.923,21.3735,21.6407,20.92,21.6747,20.128,20.0024,21.0263,20.0501,20.7569,21.3899,20.8798,20.1272,20.9283,20.221
G5EEP9,25.5359,24.3665,23.789,25.6739,20.8322,18.9358,21.6217,20.8685,21.434,21.5611,21.6123,20.6623,21.471,19.9481,21.088,20.026
G5EEP9,21.4344,21.3677,21.4089,19.3921,20.6844,20.2622,20.6553,20.1645,23.0406,23.2766,23.2086,23.0795,21.8146,21.2388,20.9724,21.3259
G5EEP9,21.1569,20.7441,20.8136,21.1365,19.6142,20.9689,21.668,20.7695,21.8652,20.1813,21.333,20.9999,21.0795,19.6003,21.8091,21.4043
G5EEI9,20.8671,20.4131,20.6176,20.6172,20.8566,20.7978,21.5823,20.3304,21.584,20.1916,19.8286,20.4227,23.3591,22.6305,24.0799,22.6389
G5EEJ7;Q21289;Q23058,21.0699,21.771,21.2672,21.4848,20.2055,21.6789,20.9194,20.7153,21.6948,19.5245,21.3082,20.7961,21.027,19.6231,21.4569,21.6169
G5EEK1;Q10046,23.8628,23.1379,22.8633,21.7643,24.8099,22.4331,22.3615,21.5833,22.1654,22.726,21.7607,23.072,22.0499,19.3988,20.4566,20.5235
G5EEK1,21.9289,23.6404,23.5609,23.2537,22.9878,23.3557,23.373,24.2917,24.9502,25.6443,25.2507,24.6246,27.9887,25.7134,26.4828,25.036
G5EEK1,21.3067,21.7788,20.5456,21.9321,20.7483,20.2577,21.336,19.3629,24.3491,25.5413,25.7226,22.7119,20.3974,21.4708,20.8213,20.1629
G5EEK9,25.8743,27.4802,26.6476,26.0719,24.1629,25.5059,25.7599,23.4353,26.3683,28.3159,28.1839,23.2094,21.1586,20.9841,21.2493,20.4703
G5EEK9,24.5763,25.7047,23.8761,25.2951,24.3951,24.747,23.1698,24.2107,21.8379,20.0993,21.1032,18.1309,20.2529,20.0524,20.9054,21.5152
G5EEK9,20.9175,20.8971,21.2383,21.4236,24.3951,26.7174,26.4715,25.9821,26.7507,25.0172,26.8499,23.8099,19.3321,20.7649,19.4047,21.0282
G5EEK9,23.8071,24.6189,24.2142,25.4676,24.3252,24.6405,25.2036,25.2309,23.1428,23.2734,23.0561,21.9014,25.2337,23.983,23.0612,21.7464
G5EEL9,18.7799,21.6717,21.5578,20.2277,21.1055,20.9092,21.6634,19.7028,21.4546,21.174,21.5292,20.2088,21.2652,19.5208,20.824,20.5645
G5EEL9,19.8845,21.8102,20.4811,21.8383,19.511,20.9074,21.6191,19.9232,21.8955,19.3875,21.6489,20.7534,21.8935,20.1091,20.2289,21.2605
G5EEL9,20.7447,21.7843,21.6602,21.5777,23.5671,24.0035,24.5989,23.9125,20.578,19.6338,21.417,21.1858,24.3521,22.5496,23.1028,22.7338
G5EEL9,20.6836,21.408,20.317,21.9568,19.6893,21.7517,21.37,20.8199,20.4273,20.5498,20.8531,19.5517,19.8797,20.5578,20.7649,19.2291
G5EEL9,20.9221,21.0972,20.5026,19.8209,19.9159,19.379,19.7469,18.8278,20.3315,21.443,20.2963,21.3627,21.82,24.775,24.6825,23.7144
G5EEN7,21.1229,20.4405,20.3478,21.7624,22.8075,23.577,25.1964,23.7406,20.6352,20.879,20.1442,20.8617,22.9213,26.8065,24.3199,24.044
G5EEN7,19.8297,21.5546,20.7149,21.9367,23.618,25.0016,25.1964,24.5822,19.861,21.4557,21.7422,20.5176,22.9213,24.381,24.0622,24.161
G5EGR6;Q86B39,24.425,25.8475,24.0582,25.7489,22.2782,25.6299,24.2262,25.0792,25.0386,23.9371,25.0782,25.2647,23.4918,21.8749,22.3954,21.7508
G5EET8,21.2881,19.9257,21.3702,20.963,20.0913,19.1331,21.2255,19.7818,21.558,21.7296,22.0458,20.098,26.1264,25.5955,25.5161,24.4426
G5EET8,21.4116,20.9507,20.7262,21.1437,20.0977,20.6774,19.9306,19.8509,21.2426,20.9493,21.4677,21.5912,24.1627,21.3034,22.2358,21.6715
G5EET8,24.977,24.548,25.2509,25.1792,25.53,24.904,25.2903,24.8092,25.8596,24.1947,25.2737,23.688,29.2511,25.7131,24.0417,26.8683
G5EET8,20.3443,20.1721,21.5583,21.8543,20.8222,21.7017,20.4292,20.3468,20.8349,20.4418,20.6003,19.0829,24.4484,22.4011,23.1308,20.9243
G5EET8,21.5111,21.2887,20.1091,21.3499,20.3661,21.8954,20.1408,20.4401,21.6253,21.531,21.6609,20.9647,25.5712,24.7655,24.0417,26.2201
