Proteins,N2_d5_01,N2_d5_02, N2_d5_03,N2_d5_04,N2_d1_01,N2_d1_02,N2_d1_03,N2_d1_04,N2_d10_01,N2_d10_02,N2_d10_03,N2_d10_04,N2_d15_01,N2_d15_02,N2_d15_03,N2_d15_04
G5ED33,23.8555,23.2074,23.9511,24.3365,24.8468,23.9004,24.6549,23.9741,17.5327,19.8041,20.9319,19.6009,16.7072,19.1966,20.1808,17.7618
G5ED33,21.9286,21.3864,20.4347,21.5976,22.9767,21.3006,23.4415,24.2209,17.1798,18.6986,21.2561,21.0882,21.3231,20.8525,18.3048,21.9144
G5ED33,23.4835,24.2371,23.8393,24.4495,24.2699,24.7744,25.4171,23.4405,20.7311,21.7289,19.4175,17.9633,21.2258,21.3047,21.0456,20.6389
G5ED33,22.9099,24.0892,24.2362,23.2418,22.3228,21.8681,21.4144,22.0872,25.4427,25.1152,25.5114,24.5829,20.7482,20.7905,20.7217,19.259
G5ED33,21.8965,20.3186,22.5549,23.1651,24.7362,21.1441,22.3274,22.6511,23.8439,24.3591,25.0551,24.8455,20.492,19.8716,20.3491,18.6497
G5ED33,21.1765,21.0658,21.4885,21.6995,24.9703,23.7241,27.9301,25.1328,18.8139,19.5756,21.0625,19.1871,20.7914,18.9471,21.5243,21.0692
G5ED33,20.9889,21.6704,22.3464,22.0644,24.5897,21.9928,23.9204,24.0392,19.1268,19.4666,19.463,19.8508,20.4227,18.3571,19.618,21.6177
A0A061ACQ8,23.9196,24.8655,24.899,26.1364,25.6579,24.0864,25.428,23.6614,25.1179,25.6788,25.3254,25.0607,25.1233,24.8938,25.9115,24.5449
A0A061ACQ8,21.5992,20.809,20.9413,21.1447,21.5261,20.9082,20.5508,21.2494,19.3402,20.135,17.2983,16.8941,19.9121,20.2161,19.0178,19.4925
A0A061ACQ8,27.2762,26.8353,26.7459,27.5041,27.8981,25.671,23.7275,25.777,18.8628,20.9229,20.6477,21.4521,25.1325,25.2518,24.1717,25.8192
A0A061ACQ8,27.2762,26.8353,26.7459,27.5041,27.8981,25.671,24.3702,25.777,19.9375,18.9843,21.5938,19.9823,25.1325,25.2518,24.1717,22.853
A0A061ACR1,24.8872,25.1844,24.1479,24.599,24.8919,24.3733,23.3201,24.3334,19.7171,19.1901,19.1267,19.7952,24.3332,24.2495,23.1299,24.264
A0A061AL01,21.2511,21.1867,18.9654,20.3907,21.4876,20.4071,19.1027,21.2229,16.1122,19.4221,20.4245,20.9586,20.5116,21.8091,20.3211,19.6159
A0A061AL01,23.1739,22.0387,21.808,22.5403,22.4827,21.9031,22.7817,20.8327,21.007,19.7355,20.3847,19.7913,21.8251,21.7933,20.1921,20.2498
B3GWD8,21.5379,19.9172,21.2065,19.3403,21.8025,21.2305,21.2327,21.3365,22.6992,22.7306,24.1893,21.0493,21.2651,19.3165,19.4311,20.1715
B3GWD8,21.8973,21.7259,21.2138,21.8058,21.6807,20.9138,20.3555,20.8815,20.5715,19.9464,17.1615,21.2368,19.4375,21.3968,19.2826,19.6967
B3GWD8,21.6392,21.0082,21.3492,20.8212,22.4631,23.3466,23.5005,23.4366,20.3282,21.7727,19.1176,21.5312,21.2096,20.3949,19.5296,21.8822
A0A061AD09;Q19102,21.3986,21.2608,21.4654,21.2513,21.5062,20.4952,21.0376,21.3714,19.9764,18.4282,19.5034,18.9757,19.6149,20.0751,19.3603,19.5791
Q3S1I9,21.2028,21.0694,20.5769,21.3834,21.8584,19.6352,20.7846,20.7815,19.0928,17.2822,19.4194,21.3455,17.6619,21.1208,20.0137,19.8695
Q3S1I9,21.6606,21.3918,20.915,21.4468,21.5356,21.1871,20.1814,21.3339,19.6106,20.3,20.035,19.4295,21.5255,19.9551,20.3572,20.8448
G5EDF9,22.3729,22.3957,21.4728,22.4389,24.1315,22.8015,20.8969,22.766,18.7199,20.445,17.3022,18.8472,16.5769,19.2307,21.0463,19.3424
G5EDF9,22.3368,21.5555,21.7559,21.8566,23.9311,24.08,23.9537,22.6179,16.3937,20.4237,20.9377,18.8993,23.341,21.9295,23.7218,24.5733
G5EDF9,21.2489,20.283,21.2956,19.8853,22.76,21.6825,23.0431,22.6419,18.7538,18.7701,18.7407,19.0366,19.909,20.7687,21.3029,18.8524
A0A0K3AQS9;A0A0K3AQT4;A0A0K3ARB5;A0A0K3AUC2;A0A0K3AWP0;K8FDX2;Q22866;Q27249,21.9577,20.3436,19.9513,21.6882,20.8844,20.5834,20.5976,20.7259,21.4698,20.5738,19.1009,21.3845,20.8617,19.5611,17.9838,21.4556
A0A0K3AQS9;A0A0K3AWP0;K8FDX2;Q22866,23.824,24.2237,24.7437,25.3436,25.6561,23.6395,24.8017,24.4926,20.2377,19.7373,18.5143,17.9382,22.9261,21.746,22.1229,21.9687
A0A0K3AQS9;A0A0K3AQT4;A0A0K3ARB5;A0A0K3AUC2;A0A0K3AWP0;Q22866,25.9499,27.0139,26.7184,26.2778,23.5659,24.066,23.2581,25.0997,26.045,25.6702,27.109,26.0397,25.3449,25.5837,26.722,24.2789
A0A0K3AQS9;A0A0K3AQT4;A0A0K3AUC2;A0A0K3AWP0;K8FDX2;Q22866,23.6729,23.1417,24.9478,24.9932,22.3292,22.883,23.1855,23.2034,17.2868,18.7173,21.439,20.6722,19.2675,19.9202,21.1537,19.4419
A0A0K3AQS9;A0A0K3AQT4;A0A0K3ARB5;A0A0K3AUC2;A0A0K3AWP0;Q22866,24.0717,23.4302,22.9369,23.4216,24.4751,23.6704,22.5505,22.1758,19.6958,21.2905,19.8868,17.9633,20.1862,20.9037,20.0813,19.2361
A0A0K3AQS9;A0A0K3AQT4;A0A0K3ARB5;A0A0K3AUC2;Q22866;Q27249,26.349,25.7396,28.6875,27.9636,27.0311,23.825,23.132,25.4939,26.1909,26.0301,26.2682,25.1585,25.1908,23.3092,23.1749,26.0765
A0A0K3AQS9;A0A0K3AQT4;A0A0K3ARB5;A0A0K3AUC2;Q22866;Q27249,25.3626,25.5536,25.8357,26.6962,24.1379,21.8971,20.4928,23.1852,20.8913,17.5493,19.4176,17.826,19.098,19.5447,18.8981,20.5491
A0A0K3AQT4;A0A0K3AUC2;A0A0K3AWP0;K8FDX2;Q22866,21.7925,21.4862,20.6125,21.7089,21.1342,21.0676,21.3159,21.0689,26.014,26.2594,25.0266,26.2841,20.4802,18.4788,21.3274,21.0578
A0A0K3AQT4;A0A0K3AUC2;A0A0K3AWP0;K8FDX2;Q22866,21.2213,20.6539,21.3595,21.6727,21.5296,20.7628,21.0501,20.9683,18.993,19.9835,19.3398,18.5383,18.2384,20.1402,20.3167,19.8738
A0A0K3AQT4;A0A0K3AUC2;A0A0K3AWP0;K8FDX2;Q22866,26.9802,27.5772,24.8865,26.698,27.2704,24.6571,22.4098,25.6652,20.9316,22.1213,22.664,22.536,25.0909,25.2353,24.7327,23.3769
A0A0K3AUF2,24.6033,26.5485,25.5014,26.25,24.1907,23.856,26.4937,25.293,23.1616,21.0025,23.9234,22.1368,23.4842,24.3237,24.7313,27.0153
A0A0K3ARB5;Q27249,21.0321,20.6476,20.909,19.3567,20.9736,19.8905,19.8582,21.2968,16.6725,18.9985,20.2566,18.3358,18.6965,17.5702,18.7603,19.4817
A0A0K3ARB5;Q27249,21.3307,20.4895,21.1832,21.6788,21.719,20.5158,19.1962,19.7462,20.1902,19.864,20.7307,20.6126,21.1914,20.9461,20.577,20.3822
A0A0K3ARB5;Q27249,22.6,21.0657,21.8268,22.8644,21.4565,21.1337,21.3257,20.1905,19.3227,18.3609,20.7834,19.0101,19.7377,19.6367,19.8774,19.9885
A0A0K3AS90,21.7563,20.9889,21.1133,20.1818,21.345,20.7845,20.9709,21.2185,19.4441,19.905,20.9288,17.4719,19.667,20.9756,19.7515,18.3044
A0A0K3AWX1,22.1248,23.6775,23.6823,22.4424,20.5952,21.1569,20.2451,20.6194,22.1038,22.4952,21.6995,23.0648,26.2291,24.6718,23.6286,23.842
A0A0K3AWX1,21.9468,19.9293,21.1922,21.8962,21.2589,20.7377,20.2561,20.7478,17.8536,18.3688,20.5987,16.6337,20.8702,19.9484,17.7743,20.3774
A0A0K3AVS5,23.465,22.3017,23.5394,22.8507,23.628,24.8086,23.2801,24.7292,17.2241,21.0138,20.6899,20.4135,19.427,20.3006,18.7168,18.6917
A0A0K3AW96,23.5389,22.7835,23.635,22.5729,24.5966,23.7813,23.7407,25.0312,18.2501,17.3024,21.2568,19.0738,21.8962,22.2889,22.2839,28.1374
A0A0K3AW96,24.9522,23.5613,23.0364,22.5249,24.8421,22.4087,21.6094,21.9022,16.8861,21.0535,20.4705,17.0515,18.9513,19.1075,21.3324,20.6168
A0A0K3AW96,24.9466,23.9871,23.9962,24.7973,27.197,25.0786,22.8459,25.8439,19.7319,22.0958,23.0487,21.4519,24.1065,24.0419,22.2003,22.2459
A0A0K3AW96,23.8979,23.0221,24.3683,23.2894,24.8787,23.1273,22.027,23.073,18.2568,18.7759,20.7289,19.3757,22.0646,22.4318,21.0279,24.6043
A0A0K3AWB0,24.8829,24.2192,25.0415,24.1295,24.3776,25.7191,24.2234,24.9402,24.3395,24.7182,25.2893,24.3565,25.6774,25.3331,25.09,26.0825
A0A0K3AWB0,21.3795,22.2431,24.3223,24.1208,21.8025,23.1578,24.0246,23.5749,20.6595,19.0061,19.501,18.684,24.3862,23.1534,20.8381,20.9396
A0A0K3AWM6,26.7002,26.3703,23.8664,25.3843,24.4153,23.2446,22.9447,22.798,21.3268,19.617,18.1588,18.4386,25.9493,25.6012,25.5754,23.1712
A0A0K3AXE0,21.5984,20.8447,21.1628,20.043,21.8107,20.6244,20.4591,21.4094,17.7523,20.3766,20.8437,19.1607,21.0886,21.4999,20.7911,20.251
A0A0K3AXT9,23.091,22.314,21.3517,22.2208,21.9272,20.2788,20.7855,21.1803,26.6331,25.5033,26.0056,25.2301,24.5488,24.5753,24.4112,25.4191
A0A0K3AXT9,23.1995,23.1103,22.5907,23.4123,21.8816,20.9136,20.6568,20.0859,25.6837,27.4236,26.7681,26.3518,26.5519,23.7382,23.6251,26.7241
A0A0K3AXT9,21.0903,20.3276,20.5,21.1932,20.9535,20.1235,20.9864,21.0461,22.9459,23.2731,24.2958,22.699,24.0563,23.932,20.6189,24.8547
A0A0K3AXT9,24.9417,22.9695,24.0447,25.0233,19.1698,20.3715,23.7548,25.0392,26.4625,27.1201,26.9259,23.9472,26.2573,25.6321,28.665,26.7989
A0A0K3AY44;O44557,21.718,20.6425,21.9202,22.8842,22.3302,23.9248,23.1523,23.879,20.4477,21.1136,21.5285,22.3123,19.5968,20.9882,20.0661,16.4617
A0A0K3AY44;O44557,21.8112,21.4014,20.9117,20.0854,21.6842,20.5563,20.7241,21.3145,18.7914,18.0536,18.9134,20.0179,20.3783,19.1438,21.3597,19.1152
A0A0K3AY85;Q9BPN5,24.8996,24.8557,22.1453,23.861,25.4942,24.6612,23.7519,22.8119,18.0733,19.3085,20.6588,17.6614,26.0559,26.5591,24.9241,25.4423
A0A0K3AY85;Q9BPN5,21.2685,20.0667,21.3877,21.8274,22.8706,23.0196,22.2356,24.266,19.8893,18.5783,19.0812,19.4721,23.5871,23.9683,25.3567,24.4127
A0A0K3AYE8,27.9055,27.0344,27.5142,26.667,22.4384,24.5147,24.2352,22.7816,20.1948,17.4668,19.5318,17.8033,24.4572,24.8878,25.6251,27.91
A0A0M7RFG7,21.2617,21.7142,20.3843,21.4964,22.1248,22.099,22.7431,21.2307,23.7544,25.0076,24.5941,24.4377,25.3281,26.0452,24.9236,26.9336
A0A0S4XRR1,24.4258,22.9297,24.3081,23.7522,21.1807,20.4396,21.3225,21.3997,24.8747,23.4387,24.2034,23.0068,24.5958,24.8698,26.0051,27.4777
A0A0T7CIX3,21.6439,21.5395,19.9315,21.6258,24.8942,24.1029,25.9055,24.0082,19.51,19.1802,20.3095,19.3,22.9383,22.0394,22.2281,23.7173
A0A0T7CIX3,21.3052,20.7546,21.0599,21.2222,21.0406,21.248,20.9348,20.3489,19.0947,19.2576,19.5517,19.6653,19.4471,20.2607,17.7943,21.2995
A0A0T7CIX3,21.269,20.3956,20.863,22.8918,23.3789,22.8895,20.8006,22.9397,18.5236,19.0979,18.6697,19.6895,19.5696,19.6583,19.65,20.2479
A0A131MBQ6;Q94300,24.9599,26.4599,24.8678,25.0134,25.1108,26.1567,25.8829,25.2848,18.383,19.7354,20.2466,18.8817,20.793,20.0731,19.8897,20.7316
A0A131MCJ5,22.3347,23.0865,22.1952,23.197,23.1595,23.2072,24.6513,24.1212,20.0335,20.9121,18.073,16.3575,19.6294,19.1603,19.5919,20.5718
A0A131MD51,23.9651,23.6088,24.0779,23.4445,20.867,21.1862,20.7891,20.8594,24.1954,24.241,24.7764,24.8024,23.4268,22.3253,22.5068,23.375
O16293,21.9341,19.9444,21.4413,20.7045,21.6274,20.1542,21.3373,20.2275,19.1847,19.6218,19.2725,21.1687,19.0945,21.2773,19.7128,19.6396
O02147,22.8932,22.4723,23.4205,23.8374,24.4651,24.1807,23.4572,24.2615,18.1144,20.3707,19.4255,20.6059,21.308,20.1025,21.1362,21.2724
F3Y5Q3,20.6423,21.2153,20.9879,21.7316,21.9272,20.9851,21.1849,20.5479,19.6783,20.0169,21.5682,16.9123,21.9463,17.9953,20.3673,20.0127
Q9N350,23.3747,22.079,22.1664,22.4012,23.4188,22.5584,26.8347,23.4788,22.7144,23.3217,24.9161,23.4527,17.9309,19.3761,19.6897,21.1699
Q9N350,24.1499,24.1082,22.3118,24.3778,24.2873,22.7752,23.5959,22.11,23.2303,23.3644,23.6562,23.8135,25.5189,23.3498,23.9741,25.3303
A0A1N7SYR3,20.8211,20.3356,21.5111,21.2207,21.695,21.2506,20.1661,19.7916,23.8067,23.9231,23.9464,22.5394,19.2228,20.559,18.641,19.5258
A1IMB7,23.5733,21.7845,22.8928,22.3574,21.1346,20.6906,21.0994,20.4001,23.4745,23.6091,23.6917,23.2513,19.5254,20.1955,21.6526,20.884
A3QMB7,19.9455,20.6474,20.1293,21.8976,20.7533,20.264,20.5696,21.0339,22.3757,23.0182,23.0929,23.6651,21.3972,18.4257,19.7594,20.2966
J7SF86,20.7098,21.5219,20.5711,21.7545,21.7961,20.2847,20.5564,20.116,19.2189,19.3868,20.6807,17.793,20.7093,18.3312,19.9624,19.0831
U4PRJ1;Q95ZL3,21.8276,20.8291,20.0543,20.3575,21.6964,20.9746,20.8258,21.3205,20.6035,19.2351,21.7549,19.1234,17.6405,20.0444,20.1618,19.7342
A5JYX4,21.5185,20.5444,20.9012,21.6549,24.2108,23.1112,23.859,21.3045,18.3523,21.2156,19.5447,17.3114,19.3751,18.7574,18.2992,21.2439
A5JYX4,23.8395,23.0608,23.9176,25.3203,26.0093,22.103,25.3166,25.5269,24.5257,24.5425,25.5771,23.5064,26.0653,24.4665,24.5951,22.2333
A5JYX4,20.7993,19.6805,20.9888,21.5947,21.5335,20.9716,19.4306,20.4544,19.4325,18.2136,17.8687,20.5942,19.6341,18.7559,17.1171,19.9607
A5JYX4,21.698,21.3442,21.4864,21.7275,22.6773,22.232,21.6404,22.4295,21.005,20.0773,22.036,21.2865,20.3104,19.1644,20.2899,20.6981
A5JYX4,21.0697,20.5825,19.883,20.5889,22.6773,22.232,24.1891,24.6567,17.617,18.5062,21.6379,20.0051,19.9937,19.1796,18.7537,19.0696
A5PEY0,27.4033,26.922,25.801,26.8877,25.4644,22.8952,23.3948,23.1835,26.2413,27.5532,26.1096,26.2722,24.4365,24.4373,22.4575,22.6709
I2HA81,26.6272,25.9055,27.2079,26.4594,26.4924,25.37,25.1078,24.4062,25.2276,25.7521,25.6308,26.0658,26.4672,26.8578,25.2635,27.0423
A5Z2W7,20.8655,20.101,21.3691,21.1898,22.5596,22.6869,23.4988,22.4997,19.6461,19.5996,18.897,18.4448,19.471,19.3592,17.832,17.7603
A5Z2W7,24.4835,24.6633,24.3086,24.2365,21.968,21.1502,21.3301,20.8869,19.6908,17.3903,19.388,18.9776,19.3769,19.325,21.6318,20.2849
A6PVA5,21.99,22.4947,22.7624,22.5354,27.5735,23.9388,24.4157,22.9424,18.1628,19.9157,18.4803,16.7249,20.6991,21.6252,19.4246,21.1426
Q20621,21.6043,20.7484,20.4864,21.8316,21.3146,20.6435,20.8705,20.5577,18.0417,19.0986,21.2424,20.0471,23.3649,21.8957,23.5654,23.609
A7DT41,19.6347,21.7686,21.4388,20.9624,23.0492,22.3925,24.97,22.0553,19.7301,18.9493,17.5281,21.1365,20.5935,21.7645,19.3712,19.1424
A7DT41,21.7511,20.3296,20.3976,20.8546,21.4522,20.5941,20.7678,21.2938,18.9047,19.4749,17.9286,20.2632,22.4544,21.8561,19.5834,24.9286
A7DT41,24.5874,23.6456,22.4487,24.0283,25.3521,24.2168,23.9424,23.4319,20.8749,20.6043,20.1402,19.1318,17.7756,20.1566,18.4736,21.3917
A7DT41,21.5633,20.72,20.9932,21.6218,21.412,19.658,21.3901,21.2744,15.1323,20.626,17.4691,20.6805,19.091,17.5619,18.9025,20.811
A7DT41,24.3909,24.2133,23.16,25.5037,24.1845,20.9528,23.4102,23.4571,18.682,20.2086,18.7456,18.0015,19.1749,18.4957,18.0406,18.3972
A7DT41,24.1986,24.159,23.8291,25.9958,24.5448,23.4025,23.1043,23.8193,16.7566,19.8939,20.5756,20.2203,20.5073,20.3168,21.9282,22.0797
Q9XWW2,21.8746,21.5367,20.9151,21.1353,21.3288,21.232,20.8383,21.4169,19.0842,19.4561,19.525,20.366,19.2066,20.0383,21.0622,20.329
Q9XWW2,21.433,21.69,21.3709,21.6366,21.5198,20.3758,21.1726,21.0898,19.3944,18.8212,21.2513,19.4358,23.1948,24.4294,22.7508,22.6426
A7LPD6,21.6743,19.8499,20.6275,20.6893,21.7712,21.1057,21.3015,21.3149,18.2878,18.3792,19.5631,19.8285,18.926,20.0805,18.5009,19.5047
A7LPD6,24.8229,24.2219,24.4056,24.2488,24.3295,22.7091,22.7206,23.6534,23.8071,24.1422,24.1278,23.9624,26.0879,24.9093,24.6182,25.1035
A7LPE6,21.5082,20.64,20.72,21.4235,21.5275,21.2404,20.8049,20.7134,20.2094,19.9123,18.796,21.2944,20.3762,19.4208,20.2701,21.31
Q5FC71,20.5514,21.6184,20.6376,21.4186,20.3206,21.0849,20.6799,20.3585,21.2009,19.0205,18.2035,18.3436,24.7144,23.6264,24.8191,26.0258
Q5FC71,25.0205,24.5169,25.2637,24.6008,23.178,21.7079,23.041,22.4926,18.0799,19.8573,21.9117,21.1497,24.6505,24.6861,24.9436,24.4827
Q5FC71,25.4537,24.8747,25.349,26.1034,23.473,22.5561,23.3486,23.2706,23.245,23.0478,24.3309,23.7943,26.0837,25.0074,23.2823,23.3559
Q5FC71,29.3894,25.8352,26.9694,28.0083,23.4473,25.6413,23.8265,24.7489,30.7929,31.0411,30.0853,28.8552,25.5513,25.8081,27.8173,23.9464
Q5FC71,31.8317,31.9517,32.0767,32.8714,30.5159,28.3956,27.4724,27.457,33.0019,34.3821,33.6803,34.1913,32.2679,33.0049,29.3953,29.1028
Q5FC71,21.8161,21.795,21.4124,21.324,21.1731,21.0306,20.6905,20.6821,17.9528,20.2275,19.4644,19.4719,17.368,19.1597,20.3166,20.673
A8WFH7,24.3507,24.0027,24.0837,23.2815,21.9383,21.0262,21.0937,21.3629,25.096,26.4556,26.0217,26.7964,25.063,23.6007,22.0982,25.3421
A8WFH7,21.6912,21.455,21.1615,20.8753,21.6483,21.1861,21.274,20.5321,26.923,26.1803,25.9857,24.2337,25.7008,24.2427,25.4262,25.9514
A8WFH7,25.4484,24.5444,25.3189,25.973,21.9007,20.8866,21.1112,20.8968,25.1963,25.8901,25.4429,26.0555,24.6478,24.9616,23.6429,24.1458
H2KYH9,20.856,19.8511,21.1275,21.5647,20.9452,20.3794,21.3666,20.8089,19.7487,17.9815,18.4639,20.7233,19.3879,20.8717,19.7479,19.0681
A8WHP8;Q65ZB1,25.9795,23.7884,24.1989,25.6944,21.0232,20.9093,20.3694,20.2612,20.1272,19.2286,21.3475,18.0456,24.0634,23.4967,23.0104,24.4816
A8WHP8;Q65ZB1,21.4067,20.6294,20.3271,21.3441,21.4926,20.4379,20.3095,20.0491,21.037,16.9152,21.167,18.8475,17.1354,20.8986,20.093,20.5329
A8WHP8;Q65ZB1,20.6801,20.7892,20.8094,21.5652,21.8556,21.2609,20.4131,21.153,18.1382,21.431,19.504,17.8746,21.3205,20.2522,20.2152,19.3479
A8WHP8;Q65ZB1,20.5494,21.4381,20.9353,21.7761,21.055,20.9253,21.3503,20.5017,18.1333,19.0979,18.6337,17.3611,20.9376,20.4717,20.1587,20.062
A8WHP8;Q65ZB1,20.6053,21.1263,21.0482,20.5405,21.2944,20.9086,20.4398,21.4136,17.0459,17.4737,20.6031,21.1983,24.5639,23.7705,23.2198,25.8315
A8WHP8;Q65ZB1,21.6531,21.7826,21.1732,20.804,21.8871,20.6285,21.2773,21.3874,18.1265,18.3221,19.3027,17.3529,20.4907,19.6433,20.3711,19.3644
A8WHP8;Q65ZB1,27.3389,24.6685,24.4938,25.1839,23.2677,24.7549,24.1846,22.9503,20.8725,21.4506,20.0014,19.4163,21.0831,19.973,19.809,20.0161
A8WHP8;Q65ZB1,19.8402,21.3724,20.8171,21.6808,22.3801,22.2303,22.1913,23.5533,22.5225,21.7908,22.6423,22.012,23.7258,23.0494,24.1707,24.1196
A8WHP8;Q65ZB1,20.9013,20.9918,20.9498,21.8694,21.0094,20.4796,20.4503,20.9462,19.1138,20.0552,19.4904,19.7747,20.4522,19.4025,21.5374,19.0613
A8WHP8;Q65ZB1,21.6727,20.885,21.2466,21.206,21.5321,20.7202,20.872,20.2321,19.2174,21.6616,20.6503,18.285,21.5143,19.4221,18.579,17.8617
A9UJN7;Q7YXB8;Q18494,23.6844,22.0823,21.9277,22.9472,21.261,21.0153,20.4617,21.3037,21.8906,23.5375,22.3364,21.3585,23.5053,23.7493,23.0876,21.2754
A9UJN7;Q7YXB8;Q18494,21.3487,20.1665,21.3505,21.8295,24.5306,25.2145,23.6747,23.5798,18.4604,17.0602,20.2056,18.0101,19.2311,20.6968,18.6077,19.3129
A9UJP1,21.7495,21.4073,20.976,21.7883,21.4518,21.1751,19.9734,21.4049,18.9033,20.3709,18.6678,20.2278,21.3933,19.4812,18.0198,17.034
A9UJP1;Q95ZR6;Q9XVL1,22.4597,23.5879,23.175,23.6967,21.2025,20.9375,21.0627,21.0856,18.8719,20.8176,18.3692,19.4947,19.2506,20.6364,20.4422,19.6897
A9UJP1;Q95ZR6,22.7035,22.3939,20.4529,21.9649,23.9156,22.1042,21.0743,20.8243,24.8615,22.8557,25.1966,24.4543,21.3871,21.2699,20.2688,21.9666
A9UJP1;Q95ZR6;Q9XVL1,22.8473,21.9395,23.1153,22.7369,24.8843,20.9237,22.3069,21.0457,23.8391,23.8874,24.2484,22.8725,25.6334,26.8699,24.638,23.9589
A9Z1K9,19.9231,20.6072,20.2105,21.8903,21.8829,20.2243,20.7176,21.3981,24.0647,23.7384,24.1256,23.4516,21.5394,23.5686,23.0814,24.5124
B0M0L8;H2KYS1,25.0669,24.6252,24.1689,25.7503,23.4622,22.0198,21.9639,23.0405,24.3909,25.7657,26.1293,24.5924,25.3746,24.7047,25.5014,22.9531
B0M0L8;H2KYS1,26.4042,26.784,27.2719,26.8728,25.6005,26.2634,27.5623,27.6125,18.4858,20.3756,19.1893,20.2003,24.8394,24.8236,23.7881,25.6991
B0M0L8;H2KYS1,21.771,21.5422,20.5958,20.3997,21.1606,21.1918,21.1776,20.465,23.9399,23.6402,23.8659,24.4044,21.5699,21.4254,18.283,17.4387
B0M0L8;H2KYS1,21.6254,21.426,19.2773,20.1796,23.4548,20.7018,23.2471,21.3577,19.1502,21.3765,19.5067,15.6998,23.7064,23.9818,24.5245,24.5644
B0M0N4,21.5457,20.9462,20.6301,21.7356,21.6374,20.5461,20.3349,21.4086,18.554,19.3054,20.4548,19.3413,22.921,23.0128,23.1922,22.0914
B0M0N4,24.3545,24.1015,24.2058,24.8165,23.9416,23.9374,21.9504,22.5869,24.1034,24.6879,24.4911,23.8903,24.8491,24.2209,23.299,23.6631
B0M0N4,21.8675,21.4405,21.0146,21.0157,21.2342,21.0938,20.6816,20.849,22.5049,23.6314,22.1662,21.8206,20.8989,20.4911,20.9516,19.9531
B2D6M4,26.2487,26.0746,26.1457,25.9289,28.4802,23.7904,26.005,25.9466,25.6658,25.6644,26.3827,25.3771,25.0242,24.7169,22.3951,25.4842
B2D6M4,20.7393,20.1756,20.1562,20.8222,24.9736,22.7269,25.7027,23.5296,18.5606,20.6826,22.04,19.2727,20.3312,18.7969,18.3435,20.3708
B2D6P1,21.3708,20.4166,21.3986,21.5525,21.89,20.7663,20.8738,21.4188,21.2714,20.618,20.8077,20.1283,19.6455,19.1665,20.5828,19.0339
B2D6P1,23.9889,21.1143,22.8276,23.5128,20.6732,20.497,20.5497,21.3869,22.9921,21.1897,22.2918,22.6216,20.9456,18.1367,19.7739,19.7587
B3CKG1,20.8366,21.7237,21.4584,21.8401,20.4696,21.1678,21.1164,20.393,18.8264,18.3651,19.2918,18.4032,25.5169,24.6765,24.299,25.4706
B3WFT8,23.8234,24.3407,21.4686,22.4335,24.1572,21.3356,22.264,22.2322,22.4824,22.9064,22.5654,22.625,18.8906,21.6798,19.3382,21.1018
E1B6S9,20.6909,21.0804,20.911,21.741,21.8755,20.8551,21.1529,20.6491,17.5547,21.765,19.0325,21.2777,18.5055,19.5159,20.471,20.5876
G5EC65,21.3563,21.128,20.5632,21.017,20.6342,20.5365,21.3086,21.1788,18.3909,20.0661,19.6935,17.4703,20.0137,18.961,20.0984,20.9006
B3WFW7,20.8087,21.4767,20.661,20.7372,21.6564,19.9752,20.6999,20.4518,23.1292,26.0271,22.8694,24.6437,21.6492,20.9017,20.363,19.6692
B3WFY5,25.0722,24.9864,24.7046,24.418,24.3361,22.2086,20.8543,22.6177,23.5,23.9385,23.5393,24.3298,20.1471,19.9224,20.5159,20.0643
B3WFY5,25.6881,24.9888,24.1979,25.6228,25.2606,25.6371,24.2254,24.6313,24.3826,25.9305,25.809,26.0201,20.6087,19.3633,18.5213,19.5588
B3WFY5,25.0238,23.2217,22.8008,24.0372,21.8475,20.8262,20.2425,21.2122,22.4523,23.791,23.506,24.3395,20.3188,20.6144,18.0508,19.5831
B5BM23,23.2426,22.4601,22.0897,21.8175,20.8511,20.8173,21.3685,21.4045,20.4335,18.7878,19.4227,19.9481,24.6554,28.001,26.9035,24.9911
B5U8N2,21.2931,21.1508,20.4474,19.8255,20.9623,21.1629,20.9435,19.7158,17.4037,19.9347,21.1609,19.8517,20.9275,18.458,19.2809,19.8195
B5U8N2;Q23187;Q23188;Q7JLB0,24.4357,23.3494,25.0926,25.4901,21.9108,20.9403,21.1293,21.0155,20.9354,18.9103,20.7375,19.2448,18.5891,19.3945,18.1408,19.2951
B5U8N2;Q23187;Q23188;Q7JLB0,21.2548,20.1523,20.9375,21.2505,21.6035,20.4234,20.8624,21.2641,22.7243,23.137,24.0986,22.1882,20.2823,22.04,22.2431,20.3698
B6VQ78,24.1792,21.6598,22.4392,23.7967,20.3301,21.1531,20.9921,20.4219,24.7936,25.0717,25.3417,26.0154,20.4379,21.6183,19.0797,21.4703
B6VQ78,21.911,20.9375,19.6359,19.6854,21.7015,20.8772,20.8378,20.6811,19.0913,20.749,19.4483,19.8817,20.8038,20.1511,20.7912,16.8367
B6VQ78,23.041,23.199,23.8769,23.2785,21.3109,21.1032,20.8876,20.4697,23.5881,23.6613,25.4553,24.3153,24.3378,23.3053,24.5415,24.1716
B6VQ78,21.4422,21.7248,20.7787,21.7891,21.2737,19.9373,20.7188,19.9678,19.7066,19.1923,18.6766,19.3035,19.6729,20.173,19.3842,21.3401
D9PTN8,20.4434,21.1005,20.4689,20.7574,21.5179,19.9372,20.8101,20.819,18.2814,18.0552,19.9678,18.035,18.6103,21.5009,19.9923,20.8981
B7WN71,21.6426,21.3774,22.014,22.5013,20.6509,21.0606,20.9516,21.2993,23.1647,23.4752,26.9099,24.7369,21.3051,20.4612,21.3318,20.9079
B7WN95;Q22716,25.54,25.4733,23.0685,23.5677,23.6545,23.6426,23.7851,23.8004,20.7585,19.1846,20.8123,21.0274,18.6339,18.9948,20.5597,19.0219
B7WNA1,21.9873,20.5899,20.9067,21.6393,25.063,24.3442,24.8811,25.0327,19.8961,20.3708,20.6711,21.4848,18.9649,19.6399,16.1957,20.7917
B9ZSG9,23.123,23.9696,22.4336,22.6807,24.3338,23.6515,23.0454,23.8972,20.4987,18.4029,17.028,17.9701,19.2492,21.4031,20.1159,21.6253
C1P636,28.6917,28.3212,27.399,28.6877,28.1348,25.807,25.7378,25.8324,18.4783,20.067,20.0159,19.1758,19.3069,20.02,20.2565,18.1938
C1P636,23.4633,22.0191,22.4369,24.013,22.5634,21.3879,19.6426,22.1402,17.9534,18.0741,18.7596,19.4827,19.9231,20.8242,19.1974,20.7405
C1P636,27.8327,27.0434,26.8239,27.0193,29.5716,26.7085,28.3355,27.7339,28.8427,28.5983,28.7425,28.1472,29.0672,29.0811,26.665,28.3934
C1P636,25.2971,24.2513,24.2115,25.242,21.3669,20.2532,21.2229,21.4144,18.4082,18.2486,20.1828,20.7321,24.2992,24.5216,22.8176,21.8888
C1P636,21.7011,20.6463,20.9351,20.9927,24.762,24.5635,24.3927,23.9698,20.3531,20.2175,19.5885,20.3915,23.1656,24.346,23.0557,21.3466
C6KRI9,19.4767,21.1637,20.9227,20.3708,22.3659,22.2663,24.2502,22.3208,19.1637,17.8387,18.4294,19.3799,20.5404,19.9961,19.447,21.0194
C6KRJ1,24.4959,25.1803,24.5876,24.9174,21.2626,20.6756,20.0427,20.9836,26.5813,25.9916,26.517,26.9107,25.8227,24.1202,22.8888,23.3619
C6KRJ1,20.3136,19.3152,21.1426,21.6047,20.3283,20.404,21.1907,20.1934,19.4496,20.9856,19.8474,20.8095,20.4345,20.0403,21.2073,19.0621
C6KRL2,20.7115,19.9717,20.3784,21.3875,23.0431,21.9074,21.3555,20.478,18.7797,20.0192,20.3605,20.1768,18.5006,18.7205,21.3008,19.9102
C6KRL2,24.9609,23.8074,24.1593,25.5308,20.8562,20.5113,21.1452,21.3433,19.8777,16.6764,19.8447,18.5845,23.4956,24.7054,24.6075,27.8132
C6KRL2,20.601,21.7613,20.2862,21.7961,20.182,20.4313,20.6707,21.3595,19.4769,19.7259,20.5111,18.3891,19.3605,18.5214,20.1183,21.3487
C6KRN1,21.8475,21.0194,21.1391,21.2472,21.2271,21.1854,21.1812,20.6375,19.9763,19.5928,20.3653,19.8188,20.1329,17.7984,19.8138,19.1514
C6KRN1,20.8672,22.2583,22.1751,21.6872,24.1883,22.7178,21.1276,23.7962,18.4955,19.5373,21.2587,17.2448,20.8556,18.1967,20.8979,20.3967
C7GIK1,24.1429,24.7102,24.3196,25.0001,23.6246,22.9265,23.0686,21.6752,20.3252,19.5685,21.0744,20.6322,23.5984,23.4143,23.2184,24.3659
D0IMZ5;U4PM01,21.4059,21.4571,20.162,20.2933,20.3637,20.2484,20.6917,21.2716,19.4306,20.9576,17.2759,19.339,19.2979,19.2886,19.6966,19.6906
D0IMZ5;U4PM01,21.0414,21.0617,20.7607,21.7131,21.7987,20.5935,20.77,20.7443,20.221,19.4202,20.1358,19.5461,19.5925,16.6559,21.1961,19.1623
D0PV95,19.8041,20.6465,20.9017,21.2715,21.7354,21.0298,21.0726,19.4831,19.5823,20.096,20.1322,20.3444,18.8704,21.7591,20.52,18.4742
D0Z5P0,23.7733,23.368,22.1273,23.2128,21.6852,20.0233,21.2088,21.325,20.2458,18.8091,20.3924,18.9351,20.5393,20.9306,21.6536,21.1374
D0Z5P0,21.5469,21.2464,19.8034,20.8392,20.8272,21.215,21.1002,21.0753,21.3789,21.5513,21.9157,21.5353,20.1201,21.1421,19.0406,18.0569
D0Z5P0,23.0573,21.939,21.0128,21.549,24.0986,26.7054,25.8866,26.2077,21.3433,21.3339,22.127,22.7844,19.8864,19.7668,21.1806,16.021
Q22832,25.3912,23.9264,22.2568,24.643,21.5334,21.2143,21.0244,21.3546,19.8751,21.241,19.5493,18.5249,24.0439,23.8433,25.3622,24.9494
Q22832,21.8129,20.9894,21.229,21.6336,21.6843,21.1874,21.291,21.3982,19.348,17.1456,20.6451,19.7882,19.7646,17.9543,20.127,21.2347
Q22832,25.357,24.5592,24.4791,24.4851,26.2281,24.2209,23.5277,25.3317,24.8869,23.7701,25.6387,25.1417,25.3624,25.2572,25.1702,23.4636
Q8WQB8,21.8987,22.5055,23.1307,21.6378,21.7144,20.8788,20.2655,19.9798,23.4443,23.6253,24.1386,23.6197,18.4305,20.9784,19.6773,20.6198
D3NQB5,21.4958,20.9836,21.5373,21.1974,21.7707,20.2087,19.9619,20.6796,18.254,20.9611,19.0671,20.1875,23.4123,24.1932,22.8003,21.5
D3YT77,21.9146,21.4443,20.5281,21.4169,23.9252,26.2417,25.21,21.5748,17.3798,17.1247,20.9992,19.0978,19.3097,18.3441,18.0231,20.7098
D3YT77,21.9542,21.7244,20.4784,20.969,25.2045,25.3242,26.9926,24.6673,19.3181,20.814,19.8466,19.5324,21.7809,22.3597,22.0871,25.3584
D4YWC3;Q9XX57,22.8048,25.0214,23.4421,23.3507,23.4471,23.236,22.3357,24.3212,18.2902,18.6151,18.8924,17.4355,23.8583,21.5727,23.4534,24.4968
D4YWC3;Q9XX57,24.2399,22.7062,25.1807,25.2217,26.1486,24.729,26.4932,24.6939,21.3433,18.9633,21.9357,18.6676,20.9687,18.2309,18.6762,20.0852
D4YWC3;Q9XX57,27.6246,26.2535,24.1034,26.6736,21.2551,21.134,20.2117,20.8292,19.0474,18.9917,20.9751,18.6871,21.6598,18.83,21.4326,19.1028
D4YWC3;Q9XX57,22.4649,22.989,20.9466,22.6336,25.1034,23.7483,24.1176,24.3313,19.9255,21.2079,20.7915,19.7067,19.5009,19.2418,20.1568,19.9743
D4YWC3;Q9XX57,25.8466,25.8495,26.585,26.7227,27.0011,24.2437,22.6588,24.0646,20.6749,19.2268,21.3645,19.768,22.4403,21.7384,23.933,21.8328
D4YWC3;Q9XX57,23.2705,23.6943,25.44,25.5842,24.1467,22.0862,22.4634,21.6024,19.5703,20.7599,18.7343,19.4895,21.0613,17.9171,20.3933,21.3056
D4YWC3;Q9XX57,23.8391,24.4358,24.8236,25.3222,23.9747,23.3692,22.7418,24.0278,20.5029,18.008,19.7139,19.4237,18.6294,18.1736,18.6854,19.27
D5MCN2,20.5319,20.6526,18.8036,21.1469,21.8316,21.2538,21.1218,21.4122,19.6774,17.7611,20.4562,18.0478,20.6012,18.8223,19.3996,21.9045
D5MCQ2,20.5478,21.5307,21.1328,21.5937,23.1296,22.6294,22.4313,21.2239,20.3431,18.836,20.4494,18.8296,21.3981,22.3766,22.0579,20.421
O17698,20.9375,21.6223,21.4829,21.7561,26.5099,25.2543,25.859,26.0455,20.5043,18.6634,19.8905,18.8026,20.2875,19.6054,21.3499,18.9482
D5SGZ9,21.5205,21.2703,20.0471,21.9273,21.7111,20.7889,20.7596,20.3285,17.2061,18.8926,21.3559,19.6515,19.6164,20.7472,18.8844,19.2969
D5SGZ9,20.9487,21.4707,20.1499,21.3013,21.7952,21.0573,21.2985,20.4663,19.0659,20.1856,20.0463,20.0782,19.8607,21.7844,19.5964,17.5752
D5SGZ9,21.8157,20.2852,20.0402,20.4983,21.5747,20.6961,20.9236,20.3155,18.409,17.3312,20.374,21.2649,20.7988,21.0275,19.3295,18.8729
D6R8W5,20.3161,20.9842,20.3432,21.5452,21.8517,21.0001,20.7294,21.0364,16.9145,21.0671,19.7902,19.9898,21.4353,19.3251,21.4841,18.4386
D6VPA0,21.2065,21.7627,21.3279,20.4193,20.774,21.017,21.3026,19.7973,24.254,24.451,25.0909,24.6364,22.0731,22.3152,22.4858,22.2023
D7SFI3,24.4316,23.9425,23.3125,24.263,21.5655,21.2001,21.2905,20.7814,22.702,23.4507,23.2884,23.3957,21.8938,17.2162,21.0041,19.49
D7SFI3;P34345,26.227,24.6542,25.4407,26.663,24.8145,23.4559,23.2579,24.449,19.3464,18.8299,21.5682,19.7615,24.4046,24.112,23.997,23.4052
D7SFI3,24.5447,23.395,22.6072,25.6621,21.4772,21.2111,20.2224,21.349,24.8431,24.5372,24.736,23.4621,21.9387,21.7323,19.3936,19.951
D7SFP5,21.7262,20.711,20.5624,21.7654,22.8341,20.879,21.7307,22.9202,17.316,19.3453,20.5723,18.9186,19.7503,20.4103,21.265,20.8852
D7SFP5,23.706,22.1909,23.5963,24.9782,23.7972,21.8044,20.9752,20.0429,18.7795,20.3703,21.4042,17.575,16.4054,18.4077,21.2229,20.6242
D7UU24,21.4357,21.5622,21.1154,21.7949,21.2155,20.9823,19.5324,20.6371,25.0775,24.6164,24.0163,23.8831,19.7748,19.8578,19.3836,19.3676
D7UU24,21.117,20.5229,21.2674,20.1553,21.7015,20.6867,21.0361,21.1399,18.4199,20.8181,18.6748,18.992,21.6993,19.5355,17.6714,20.4648
Q9U3I3,21.8622,21.3348,20.7942,21.663,19.7537,20.6124,19.7965,21.0287,18.0398,20.4525,21.3886,18.2605,20.0896,19.7406,19.8324,20.4793
D9PTP5,21.4337,21.7804,21.5345,20.2924,20.9854,21.139,20.4305,20.885,18.3186,17.5463,17.6194,18.7692,19.9042,18.9178,16.2128,17.788
D9PTP5,21.5166,20.873,21.4638,21.4654,21.0897,21.2598,20.6239,21.0372,20.3473,21.8027,19.0192,18.0245,20.4092,19.2159,19.3386,18.297
D9PTP5,21.3184,21.5273,19.7784,21.4255,21.9736,19.0382,19.7984,21.4174,16.8164,16.7269,20.5958,20.2593,19.6739,20.1947,19.1326,21.3461
E0AHE1,21.6065,20.9979,19.3429,19.9882,23.0378,22.2929,21.3316,23.422,18.8237,20.9513,19.1148,17.5584,23.0031,22.3217,24.0063,24.4271
Q20396,24.3161,25.6732,23.9149,25.2713,21.2421,20.6982,20.0234,20.8198,24.5042,25.4718,25.8326,25.4954,26.2846,24.8903,25.8383,25.5543
E1B6S4,23.889,23.8399,23.0734,25.124,21.2369,21.1883,20.6177,19.776,19.4713,19.2084,19.5274,17.75,21.5491,22.9226,24.871,22.5627
E1B6U2,24.3535,24.9712,23.8996,24.2175,23.7337,22.7506,23.1413,24.8095,25.3326,26.0886,26.2348,26.3466,23.929,24.0364,25.0964,23.1027
E1B6W0,25.8446,26.025,25.3421,25.8859,28.4906,26.3204,26.076,26.9407,25.6465,26.235,26.1397,26.4432,28.5413,28.261,26.5334,22.6261
E3W743;Q93636;Q93637,21.8025,20.4726,20.2842,20.6735,24.985,22.6477,23.868,23.027,23.2114,22.83,23.117,22.1776,19.4698,19.407,19.8275,17.5268
E3W743;Q93636,21.8821,21.6544,21.4855,21.9085,23.7183,23.9432,22.4888,22.3484,18.4966,17.7621,18.1747,20.321,20.0074,19.5519,17.5674,20.1372
E3W743;Q93636,21.6072,21.6657,21.3307,21.2918,24.1762,24.6532,23.4134,24.4509,18.4288,19.072,21.0074,19.2332,20.0883,21.5449,20.3009,19.5996
E3W743;Q93636,20.3305,20.9932,21.4088,20.6994,21.934,20.8901,21.1401,20.4977,18.6748,18.9115,20.0162,19.8909,18.2948,17.7425,18.9372,20.7214
E3W743;Q93636,21.8786,20.6993,20.9927,21.7395,20.4669,21.1184,20.1245,20.434,21.5741,19.1829,19.0189,19.0798,20.0467,21.0779,19.7661,20.8193
E3W743;Q93636,21.9063,21.5147,21.2479,21.3406,22.728,22.3632,20.5756,21.7667,20.943,20.6478,21.0941,17.8612,21.3542,19.4475,18.4206,21.3112
E3W743;Q93637,21.4665,20.0707,20.1552,20.6192,21.1771,21.106,20.6168,20.897,19.66,19.664,18.7326,18.5579,19.6761,20.3826,19.1973,18.5781
E3W743;Q93637,22.6644,23.7843,22.193,22.1981,24.2037,24.099,23.4733,23.228,20.7476,20.9904,21.895,20.7203,19.756,21.5578,19.0442,19.5797
E3W743;Q93637,21.4006,21.4386,19.7826,21.7317,24.9687,23.8218,23.6173,23.7432,19.9632,21.54,18.0871,18.4275,24.9955,23.1551,25.5042,22.7257
E3W743;Q93636,21.9082,21.0337,19.571,21.3764,21.3791,20.9886,21.2272,20.7153,17.9807,17.0455,18.2353,18.6324,20.4887,20.0819,19.0151,19.1537
E3W743;Q93636,20.5914,20.4525,20.1791,21.4076,23.5428,24.3677,25.1857,24.6602,19.4252,15.8617,19.0153,20.4825,21.0101,20.7695,19.9182,20.6416
E3W743;Q93636,20.797,20.3116,20.9251,20.9698,24.7024,25.561,24.5443,24.7651,16.5367,17.8332,21.1235,21.3923,24.619,24.5307,24.2829,21.9412
E3W743;Q93636;Q93637,26.718,26.0773,25.4879,26.1418,30.0732,24.9371,23.2674,25.7456,21.3221,19.3798,21.4137,17.605,17.693,20.8738,20.3564,19.5591
E3W743;Q93636,21.5254,21.1544,20.9267,20.7617,20.6848,19.1646,20.6873,20.2848,19.9615,18.1723,19.5963,17.2766,20.1254,19.8166,20.7007,19.3465
E3W759,21.8049,19.8537,20.9453,21.7305,20.7457,20.5547,20.4427,21.0517,20.0788,20.7305,19.1967,19.1866,20.9392,20.129,21.0024,19.7439
Q21162,22.3058,22.6852,21.8727,22.7202,20.2162,20.6708,20.5076,21.3933,17.9611,17.5575,20.6773,21.3504,20.8982,19.6229,19.7787,20.8728
Q21162,20.8499,21.08,21.2007,20.9649,19.8448,21.2386,21.3443,20.9466,19.3718,19.4112,19.9417,19.7932,20.3904,19.6184,18.7218,20.7842
Q21162,25.7603,25.4249,23.5663,24.14,23.8383,22.9363,23.2485,24.5673,19.2415,19.4902,18.3689,16.9741,27.0644,26.1601,23.7526,25.3785
Q21162,23.3913,24.456,23.8687,24.6581,25.148,23.8594,25.9054,21.9546,21.7305,22.3028,23.21,22.4261,24.6941,23.3203,22.6984,25.1834
F5GU98,21.9294,21.1839,20.7691,19.6559,24.5464,24.2456,23.7088,22.8311,17.801,20.5786,19.6375,17.3511,27.0809,25.4645,23.4729,22.9605
F5GU98,27.4886,26.6176,27.2369,27.5002,29.7917,26.7292,27.6593,27.3145,30.2329,29.8678,28.1936,28.7083,30.9591,30.2948,28.2682,29.8961
F5GU98,25.2846,25.0817,25.0791,26.1552,25.277,24.0358,21.2253,22.8006,19.4784,15.8816,20.0075,16.4658,25.3941,24.5854,26.4025,23.3723
F5GU98,18.3867,20.188,21.0865,21.7958,23.7267,22.6404,25.1216,22.5127,21.9424,21.0944,23.4222,20.3867,18.6861,18.8268,20.0567,20.0492
F5GU98,24.0343,23.8194,23.5306,23.4437,25.1966,23.5161,25.2979,22.9145,20.629,19.5207,19.2296,19.4638,18.4593,18.1113,19.8684,20.0161
F5GUH0,24.9709,23.1514,23.0486,22.3776,26.6805,24.6702,26.1119,24.1857,19.8911,17.59,21.3521,20.1659,19.3909,18.9897,19.9869,18.8528
F5GUH0,21.5557,20.3086,21.5235,20.6784,23.7031,23.1508,24.3396,22.4573,23.6798,22.931,22.8826,21.8704,23.1278,23.3311,21.8899,21.1776
F5GUH0,22.5926,21.2632,21.0606,20.9212,24.0732,22.7917,21.2644,24.1433,22.2348,22.5811,23.9503,22.1159,21.5083,20.5109,20.4935,20.2051
F5GUH5;H2FLK8;H2FLK9,23.9531,23.3923,23.9389,24.3012,21.3984,20.6689,20.5335,20.9693,20.9637,20.0622,18.472,20.0856,19.5375,20.9479,20.4123,17.4598
F5GUH5,24.3907,25.1483,22.9269,24.8299,21.8907,21.2337,20.9863,21.3682,23.7723,24.2606,24.1638,24.7581,22.6418,22.1889,22.694,23.9997
F5GUH5;H2FLK8;H2FLK9,21.3442,21.3134,21.0909,21.6567,21.3749,20.7821,20.9764,20.2108,19.4341,20.2295,18.3912,19.3295,20.5658,19.7671,19.987,19.5756
F5GUH5,24.7918,24.0526,23.8662,24.7849,24.0567,23.2948,24.5214,24.3777,18.6889,21.1681,20.1421,20.3562,23.2363,22.515,23.1371,23.6215
F5GUH5,24.8412,24.2869,22.2823,24.5663,21.9374,19.1751,19.8012,20.9531,20.1097,22.7691,22.6278,23.0374,24.5193,23.2254,22.3751,25.3901
F5GUH5,24.0659,22.9786,24.0144,23.7715,23.5061,24.246,23.7373,25.7784,24.0954,23.2615,25.0874,23.3093,18.2586,21.1681,17.886,21.283
F5GUH5;H2FLK8,21.9476,21.1676,20.9931,20.8271,21.6497,20.4995,20.9559,21.1223,19.5364,18.3527,18.8386,21.0226,21.46,19.4497,20.4328,19.4021
F5GUH5;H2FLK8,22.2151,22.146,21.1638,21.5174,21.4328,20.4669,21.2464,20.2673,23.2176,22.4559,22.3444,21.9836,20.0819,20.4092,21.3217,21.2655
F5GUH5,23.201,23.7894,22.8834,23.4414,22.3574,19.575,21.8547,22.3802,23.3797,23.6099,24.2852,22.4755,19.8339,21.0678,19.5667,19.569
F5GUH5;H2FLK8;H2FLK9,25.6912,24.1739,23.9608,25.0338,21.089,20.8356,21.1954,21.2325,17.995,19.1409,19.1993,19.2084,19.7619,20.4334,19.9032,19.1691
F5GUH5;H2FLK8,23.5463,24.1896,24.8442,24.6486,21.6825,21.1707,20.4599,20.6835,24.5829,24.6239,24.9575,24.9802,20.2409,20.0189,20.2749,20.0735
F5GUH5;H2FLK8,21.3278,20.24,21.4339,21.1663,21.8422,21.2411,21.3886,20.6323,21.1861,19.5842,18.7329,19.8764,20.3171,19.7158,19.5914,20.5238
F5GUH5;H2FLK8;H2FLK9,24.2286,22.8323,22.3598,22.8905,20.7908,20.8976,20.975,20.2643,19.4542,18.8969,19.6763,19.6763,19.388,19.3537,19.3861,21.0336
F5GUH5;H2FLK8;H2FLK9,20.4903,21.3406,20.9021,21.4988,23.705,24.1023,26.0372,25.9535,22.8104,23.6355,22.5789,24.2658,18.3745,19.6509,20.3413,18.3072
F5GUH5;H2FLK8;H2FLK9,24.6221,22.6941,23.1734,24.0114,23.1101,22.2412,23.1256,23.212,23.1448,23.4865,23.4411,22.7899,21.36,18.7137,20.6125,21.4307
F5GUH5,21.3157,21.6738,21.2577,21.0506,20.806,21.0234,21.0423,21.2626,18.4907,19.4484,19.9348,19.095,23.5736,24.1937,23.8737,27.0151
F5GUH5;H2FLK8;H2FLK9,24.0787,23.5214,20.5789,21.9023,20.2983,19.8742,21.1892,21.1874,21.9413,23.3078,23.1897,23.9701,19.3578,21.7353,19.9574,18.787
F5GUH5;H2FLK8;H2FLK9,24.3011,24.423,24.0321,24.4461,27.1384,23.1634,23.8897,23.9181,23.8262,24.2318,24.6293,25.3392,20.6793,19.4896,20.0397,20.6349
F5GUH5;H2FLK8;H2FLK9,23.5908,24.7729,22.405,22.9512,21.2811,20.2822,21.0017,20.9653,18.4717,21.4928,19.6379,20.0198,20.3573,20.4227,19.8166,19.3413
F5GUH5;H2FLK8;H2FLK9,21.4889,19.9562,20.8592,21.3365,21.7775,20.4233,20.4673,20.9298,20.069,20.2554,21.5544,18.8774,19.4498,21.7505,18.9672,18.4686
F5GUH5;H2FLK8;H2FLK9,21.7212,20.6641,20.3024,20.2182,21.8736,20.2303,20.0805,21.1189,22.6269,23.1474,24.3125,23.6947,19.3317,19.9094,21.0387,21.478
F5GUH5;H2FLK8;H2FLK9,24.3149,24.9323,23.5274,24.1721,23.3975,21.5198,20.7532,23.0273,23.6393,23.805,22.2667,23.2822,19.7478,20.2371,19.9606,21.8212
F5GUH5;H2FLK8;H2FLK9,24.7838,24.2486,23.2523,24.2731,22.6124,24.865,23.3004,25.0635,19.5091,18.487,20.6211,16.9355,17.1606,19.2172,19.7994,19.4629
F5GUH5;H2FLK8;H2FLK9,21.5836,21.3959,21.3625,20.7792,21.2699,20.4666,21.1603,21.1011,19.5449,21.4002,19.861,18.2687,21.9835,17.8418,20.3553,21.1664
F5GUH5;H2FLK8;H2FLK9,24.8195,24.4743,24.8829,24.9109,23.8333,22.9623,21.863,23.168,23.3148,22.0236,24.5431,22.2709,24.6384,22.5866,22.2145,24.7368
F5GUH5;H2FLK8;H2FLK9,24.0139,25.7262,24.087,24.8103,20.8217,19.8178,20.7708,21.2671,20.7949,19.5689,21.8077,18.7501,20.1652,18.7826,20.4322,19.1907
F5GUH5;H2FLK8,21.5486,19.0441,21.2038,21.1828,20.4513,20.9661,20.9726,21.2039,17.569,19.3742,20.1951,18.3802,20.6266,18.0197,20.7001,19.9462
F5GUH5;H2FLK8;H2FLK9,26.2942,27.2669,26.2201,26.7304,24.644,22.4074,23.5112,24.346,30.8933,32.0188,24.7458,28.4877,30.3155,30.4575,27.9955,30.4557
F5GUH5,25.2559,24.5921,24.1139,25.4178,23.7405,21.5219,21.4524,22.4193,17.8198,17.8235,20.7676,16.6469,21.2619,20.3575,20.1667,21.0832
F5GUH5;H2FLK8;H2FLK9,23.8614,21.9898,21.78,21.6486,21.0482,21.2269,21.3298,20.3456,22.8286,22.6279,23.4471,22.5939,21.8388,19.8537,18.5224,19.157
F5GUH5;H2FLK8;H2FLK9,20.998,20.197,20.649,20.8398,21.4053,20.4489,20.4571,20.8539,19.1988,18.4626,19.2741,17.4915,22.9495,21.7835,21.0992,22.6169
F5GUH5;H2FLK8,21.243,21.3115,21.3176,21.6266,20.0343,19.5597,20.9498,20.2725,18.4644,17.47,17.1427,19.3277,20.132,19.4976,20.1909,19.7235
F5GUH5;H2FLK8,21.8858,21.7039,21.0757,20.0702,20.0233,20.7507,20.8344,21.2302,17.3993,20.3039,21.25,18.1057,20.9535,18.3628,20.4228,21.8979
F5GUH5;H2FLK8;H2FLK9,24.3201,23.4805,23.1251,24.4579,22.7516,23.6564,22.3388,24.4357,21.8246,23.454,23.3713,23.2539,18.5039,20.0466,19.8599,19.085
F5GUH5;H2FLK8;H2FLK9,21.64,21.5059,21.3777,21.8333,21.2862,19.8779,19.6939,21.3131,20.4443,20.8964,21.5306,20.3932,19.5146,20.557,19.3573,19.4604
G1K0V8,21.5168,21.0548,21.4171,21.8029,23.537,21.7755,21.9146,23.141,19.3329,20.1426,17.7119,16.795,21.4704,17.7626,17.6638,17.1825
G1K0V8,21.6726,21.2205,20.2303,20.611,22.4765,21.7755,21.5306,22.4683,19.1536,18.2979,19.6507,18.1754,21.0907,20.1917,19.918,20.7064
Q1ZXU6,25.3786,25.5,24.0095,24.7408,22.6716,21.889,22.4766,21.6801,26.727,26.3817,26.7905,25.7815,27.7863,27.1907,25.4251,27.1543
G3MU14;P48727,21.7757,20.8904,21.044,21.8248,24.801,23.3667,23.667,25.0094,19.7462,17.5782,20.3071,17.9435,23.9174,22.9295,22.9544,19.6968
G3MU81,21.919,21.2958,20.9771,21.4123,20.9629,20.3044,21.3689,21.36,17.643,18.8478,17.0341,19.3229,24.5105,24.4297,23.8688,23.8909
G3MU88,25.7336,25.1495,24.3956,24.7344,21.2546,20.1613,20.3148,21.2347,18.9542,20.3207,21.3337,18.3234,21.0901,20.9394,19.8595,19.3134
G3MU88,20.4205,21.3606,21.379,21.5264,24.3267,22.988,23.4645,23.2543,20.754,19.4384,21.9728,18.2827,19.3226,19.5512,19.4274,17.0984
G4RTI0,21.4576,21.2388,20.9134,20.6735,24.3429,26.0069,24.3631,23.9923,19.7205,19.0348,19.5367,19.8342,20.6539,17.3072,19.706,17.1653
G4S034,24.4083,23.7789,23.221,24.4655,24.7836,24.1942,23.828,23.7543,18.5624,19.4784,18.3835,18.0383,20.3312,19.4854,18.7793,20.0732
G4S034,24.3139,22.7713,22.3913,23.8995,23.7123,21.0194,19.3605,20.6747,17.738,19.4275,20.4183,20.64,18.8935,20.8898,20.9171,21.3071
G4S034,21.5146,20.0049,20.6995,21.3432,22.3641,21.468,20.2732,21.5622,24.2741,24.158,22.8946,23.5561,24.1211,23.4561,25.2415,23.6366
G4S034,21.1107,20.0929,21.0038,21.5574,21.9004,21.1706,21.1109,20.0571,20.0813,18.8675,19.5729,19.7465,20.5526,19.6342,21.1369,21.7295
G4S1A4,20.6072,21.1066,21.2156,20.2257,24.652,23.9635,23.1566,23.1543,19.2107,18.8003,21.9644,19.6018,23.2458,23.8072,24.1225,23.0268
G4S1A4,26.4329,26.0387,26.0344,26.2928,27.8003,26.294,25.2421,21.3627,19.0669,18.0669,17.593,19.0106,26.5684,25.2574,24.7388,26.3982
G4S1A4,21.8729,20.8104,20.7436,21.3789,20.8294,20.4775,21.1721,20.2269,20.4241,18.8863,19.0435,16.8728,21.1853,20.6856,20.357,21.3737
G4S1A4,23.0217,24.0231,22.0611,22.9017,21.5569,20.3065,20.9347,21.2242,16.4848,20.5165,20.3536,19.8431,22.4073,21.8101,23.2043,21.6621
G4S1A4,22.7148,24.3488,23.1561,24.1173,23.4812,24.0465,24.4261,23.1856,20.9534,19.4424,21.0029,19.9266,20.0327,20.1123,20.5357,19.1896
G4S1A4,26.2799,24.4639,24.9168,25.7119,25.7707,24.7677,23.7863,22.4198,23.199,22.0062,22.6135,22.3649,25.905,24.3068,23.9566,20.0154
G4S3P8,21.945,20.2932,21.4831,21.571,21.9351,20.2021,20.8136,21.1421,16.7214,19.6868,19.8559,21.0907,25.3189,26.5279,25.6915,26.0265
Q20314,22.6269,23.2927,23.319,23.1633,24.0685,21.3828,22.6398,21.7003,19.2673,18.8895,19.6331,18.9569,23.4777,24.0789,24.4995,23.3749
G4SI07,21.451,20.3222,20.2979,21.529,20.9767,20.4074,21.2345,20.2753,17.4676,16.4274,18.8624,18.5045,17.3815,18.1687,17.9217,19.6917
G4SI07,22.2103,22.8781,21.7519,23.7276,21.395,20.0739,21.0154,21.3881,20.5438,20.6796,18.3952,17.1989,19.8415,20.2842,21.4449,21.2217
G4SL51,24.2604,23.3379,23.185,23.87,21.4023,19.38,20.1024,20.8053,23.7556,22.3971,23.0408,20.7424,22.4158,23.1109,23.9931,23.6942
G4SLH0,21.6624,21.6344,21.2428,21.6071,25.2114,25.1121,23.8643,24.2915,24.0051,24.3379,23.9363,24.6248,21.0937,20.1407,19.0024,21.2089
G4SLH0,20.7307,21.3628,21.5333,21.1087,20.8738,19.851,21.0274,20.8811,21.3659,20.1069,21.2307,20.8674,20.7891,19.4975,18.3821,21.4322
G4SLH0,21.0008,20.1658,21.0661,20.4059,21.603,21.1183,20.3718,20.9219,20.7594,17.0755,17.7243,18.4891,21.9105,18.8955,19.4174,19.6534
G4SLH0,21.5501,21.2926,20.0955,21.2368,26.5536,26.0381,26.5996,25.4023,20.383,19.6142,19.0269,17.5282,20.834,21.0116,19.9613,18.7106
G4SLH0,24.6756,24.9582,23.3046,24.5267,26.0651,24.2966,23.9726,23.3204,24.4204,25.6729,25.3376,25.193,20.1276,20.231,20.2956,17.3595
G4SLH0,20.6738,21.1081,21.2375,21.2773,21.8831,20.5716,21.304,21.3045,19.9504,20.2255,20.4459,19.4228,19.526,18.0778,19.0989,21.8904
G4SPY1,23.1531,22.757,22.1267,22.4916,25.4018,22.1512,21.3906,22.2357,24.4426,24.6495,24.4191,24.0166,23.8993,23.0619,24.0711,24.1859
G4SRU7,23.7449,23.2098,23.0884,23.7137,25.1896,20.8791,22.4295,21.4787,18.0578,19.1431,20.4118,19.4304,20.4092,18.0831,21.4657,20.9197
G5EBF0,21.8743,21.0858,20.4089,20.7261,23.5275,23.9381,25.1775,24.836,18.9403,19.1827,17.6423,17.1487,18.84,20.65,17.4539,19.2496
G5EBF3,21.6222,21.728,20.5861,21.8745,25.1949,22.1236,23.502,25.8648,16.3169,21.6457,21.6868,19.3947,19.8464,20.2186,19.9733,17.6009
G5EBF3,21.0532,21.6956,20.0352,20.8398,21.306,20.4615,21.1824,20.766,21.476,18.7307,19.0431,19.2258,18.4318,19.844,21.4777,20.4537
G5EBF3,23.455,24.2373,24.7791,24.8377,25.2512,23.813,23.3523,22.7799,18.8257,20.7825,18.7132,20.9722,18.2787,20.4461,21.2092,19.072
G5EBF3,21.9611,21.3805,21.2098,21.6854,21.3801,19.4993,21.0304,21.0357,18.4149,18.3711,19.1795,19.4054,20.7327,21.6355,18.9978,20.3324
G5EBF3,21.1975,21.6511,20.5822,20.7137,22.5156,22.4318,23.595,23.8307,19.117,17.6594,21.7749,18.9948,18.9164,19.8234,19.4216,20.4987
G5EBF3,21.9252,19.6717,21.1063,21.9147,25.452,24.3663,26.5445,24.5134,17.7967,18.4189,19.6903,18.4891,18.9492,19.684,21.4813,21.0635
G5EBF3,21.7645,20.2882,21.2943,21.2632,21.9752,20.6642,21.1334,21.0899,19.0166,18.5586,20.4571,20.2653,20.4647,20.069,17.7992,18.0776
G5EBF3,20.8121,20.7529,21.4274,21.6308,25.6618,23.7541,22.6901,23.3643,19.1168,18.7039,20.8748,19.67,20.8016,19.8737,21.1281,21.3161
G5EBF3,24.4516,25.1078,22.7493,24.5943,24.3805,23.1763,25.0592,24.0078,17.9188,16.928,19.9437,19.0931,19.1335,21.2522,18.9884,19.3179
G5EBF3,22.7501,22.0748,21.4898,21.7759,23.8676,23.343,22.8281,22.8219,19.9169,19.4093,19.9123,17.8682,19.483,18.9951,20.6263,19.4154
G5EBF3,24.8074,23.0524,25.3027,24.0903,24.5088,22.4778,23.7667,22.7213,19.1554,21.4434,20.3759,20.4189,20.403,21.1487,20.2297,20.6373
G5EBF4,21.5367,21.3016,20.0446,21.4012,20.3238,20.0565,21.2469,21.0812,19.0502,17.7018,21.6477,19.6785,20.7393,18.3722,18.8534,20.2221
G5EGE0,21.2185,21.7853,20.1388,20.1428,21.363,21.1434,21.2513,21.4005,19.5547,18.57,21.0997,17.3182,20.0921,21.0957,20.3984,17.8809
G5EBI0,21.9057,21.5987,21.3714,21.2052,23.9763,24.9064,22.7327,24.5236,24.9562,23.47,23.4485,24.0175,24.9342,23.6184,23.9278,26.5276
G5EBJ9,23.1674,23.3677,23.2818,22.7638,27.1765,24.3361,24.4772,25.072,20.2711,19.2415,18.9736,19.2812,18.8404,19.6749,20.508,21.8597
G5EBJ9,21.3416,21.1391,21.48,20.0488,25.5821,24.9181,24.9403,24.5361,18.6231,17.6804,19.4102,20.0059,19.6938,19.0997,19.0914,21.8779
G5EBJ9,24.2681,23.1841,22.3947,22.4993,27.2712,25.5408,24.6572,25.3053,19.1191,20.4078,19.4019,17.1656,20.4306,17.6989,20.4288,18.9032
G5EBJ9,22.6732,21.1213,21.5895,22.9826,25.4706,24.3349,25.5543,24.5914,19.5432,17.9049,19.7496,21.562,19.5247,19.7062,20.8678,20.5808
G5EBJ9,23.5789,24.285,22.4546,23.5509,27.0179,25.849,26.1497,24.7839,20.0254,20.4752,20.7732,21.2003,21.9906,20.0712,21.4309,20.8944
G5EBK3,21.6034,19.3882,21.5096,20.6677,23.6459,21.1116,21.5881,23.2182,20.2287,20.6446,20.1502,19.6888,20.4479,21.6142,20.6203,21.4779
G5EBK3,20.5666,21.6708,19.6379,20.9876,21.9638,21.6315,22.8207,21.0284,18.9977,17.236,20.4165,19.1631,18.8732,18.403,19.5413,19.3917
G5EBK3,22.0414,22.4527,23.6491,22.9414,23.4929,23.4186,24.6097,24.2073,20.9652,19.4016,19.8572,19.1199,20.7056,17.2417,21.3314,19.6897
G5EBK3,21.0367,20.5302,20.1415,20.5028,23.0535,21.397,22.8894,22.1267,17.0262,18.8223,19.9867,19.1176,20.7719,19.8037,18.3326,19.4403
G5EBK3,21.2085,21.0591,20.9963,20.2306,21.9073,21.0996,21.1924,21.0545,18.6525,19.6118,20.9361,18.9671,20.1364,20.4175,19.3653,21.0582
G5EBK3,24.7073,23.1133,23.0435,23.5366,26.0918,21.0437,22.6222,23.4754,23.5396,23.8732,24.8231,24.0552,24.3715,24.243,24.0145,22.0918
G5EBK3,23.5875,21.9107,21.0406,20.3659,21.161,20.1602,21.0805,21.1437,17.061,20.9613,20.0991,18.3528,19.9267,19.791,20.0202,18.9135
G5EBN9,23.8659,24.7048,23.3227,24.0122,24.3504,25.0257,23.4253,23.9246,25.6401,25.1128,25.3928,24.7274,24.5384,24.4112,23.6539,24.6609
G5EBN9,25.9906,25.9242,23.6213,24.8253,21.3001,22.1373,22.1767,23.5042,18.4144,20.662,20.5008,19.5688,26.1708,23.3685,23.7665,23.8778
G5EBN9,20.8053,21.5073,20.1295,21.6281,22.9717,22.7166,21.2036,22.981,18.1026,20.2283,20.9742,20.0059,21.1614,21.112,19.9778,19.9686
G5EBN9,20.6856,20.5082,20.243,21.8276,24.3366,23.9194,24.9992,24.0501,19.2849,21.9565,20.8761,20.4336,23.9321,23.7038,23.6946,19.8164
G5EBP5,26.2538,25.577,26.0814,25.9897,26.9852,24.8134,24.0109,26.6224,25.8161,26.4069,26.1974,26.7525,24.9753,24.1424,24.1169,21.6935
G5EBP5,21.0085,21.7099,20.557,21.0506,21.8992,20.9788,20.8057,20.9281,19.9839,19.1679,18.9269,19.5435,18.5561,19.3563,21.2686,19.406
G5EBP5,25.0281,24.1843,24.95,24.304,26.1106,24.4545,24.3168,24.7015,25.7475,26.062,24.0668,25.3835,24.0705,23.7277,23.6244,20.7242
G5EBP5,26.7447,26.3103,23.9424,25.7959,21.2912,21.1562,20.9991,20.8189,27.4697,25.7621,24.4556,24.0151,20.5859,20.5746,20.1095,20.8127
G5EBP5,27.7733,27.5001,28.3887,27.8353,27.1741,26.2895,27.6001,25.9017,16.5655,20.5678,21.0006,19.2988,23.117,24.6623,22.7271,26.432
G5EBP5,21.7477,21.4868,21.4049,20.6867,21.7281,20.9055,21.3524,20.1371,18.3123,18.149,19.2924,20.7276,17.7295,19.5617,18.8673,20.3713
G5EBP5,21.288,21.417,20.6863,21.7419,20.3918,20.9002,21.1662,21.3876,18.885,21.3849,21.6015,18.5028,22.8857,23.4533,25.3079,24.5965
G5EBP5,23.3866,23.7994,22.0614,23.673,23.1221,24.2957,22.7255,25.5371,19.4002,18.216,20.4931,19.5947,20.9025,17.1138,17.6776,19.0682
G5EBP5,20.961,21.6721,21.2757,21.2733,21.1353,20.0006,21.3759,21.398,22.0452,23.7886,22.8834,22.9555,21.8229,20.6663,18.7706,21.3223
G5EBP5,28.2694,28.119,28.5132,28.1142,28.6555,26.337,25.7431,26.3853,24.0832,23.7741,25.3882,24.7869,25.1599,24.7137,24.3574,21.7608
G5EBP5,27.1332,27.3803,27.4963,28.1142,28.7875,26.1046,27.5617,27.2117,22.8781,24.4714,24.1278,24.8056,22.3202,24.9183,24.3574,21.6681
G5EBP5,26.5347,28.7308,27.0707,27.6074,21.0097,20.8309,21.3261,21.4152,18.4796,20.8881,22.0388,18.7497,21.5098,20.2862,19.9587,21.6619
G5EBR3,19.5264,21.1799,19.443,21.2497,21.3866,20.7499,20.8797,20.9047,16.9153,20.4264,19.9978,20.1918,19.3841,20.7528,20.2398,20.9472
G5EBR3,21.1427,21.4957,19.7069,21.6229,23.597,22.0205,23.5773,21.5275,20.2015,19.4337,20.8547,19.2049,19.6998,21.5165,19.8713,18.596
G5EBT8,20.8112,21.7902,20.6077,21.2483,21.536,20.3966,20.9515,20.355,24.1367,24.8969,25.2311,25.2022,19.8348,19.9084,21.2581,19.1209
G5EBV4,24.8851,23.4976,21.5339,23.4771,23.8712,22.1667,23.5326,22.3481,18.7059,21.6294,20.171,18.6633,21.1196,20.609,18.8315,19.545
Q965J2,24.3848,22.6233,23.2778,23.1648,20.506,21.0665,21.3375,21.2757,18.5345,18.7762,16.9453,18.5938,25.4417,25.3699,25.5377,25.8971
G5EBY4,21.4714,21.0593,21.2977,21.8109,24.0691,24.69,24.2913,23.6086,23.6851,24.8454,23.2549,23.4191,19.898,19.4056,19.1515,18.8752
G5EBY6,21.8599,21.6977,18.6242,20.6404,21.2183,20.9887,21.1855,20.9916,19.5745,20.0444,20.6323,19.5551,19.9684,17.8388,19.9714,18.7165
G5EBZ4,21.144,20.6935,20.6551,21.3131,21.8382,20.544,20.1535,20.1231,15.7372,19.7849,19.1242,18.3853,21.5264,20.3428,19.6379,19.8619
G5EC03,21.5194,21.779,21.3128,21.7596,22.661,22.3037,25.5461,22.4904,19.7883,20.3333,19.8713,18.2798,19.653,20.4847,20.6261,20.139
G5EC05,21.6427,21.4681,20.7721,20.5362,21.8485,19.3983,20.9675,20.3939,33.3122,35.0087,31.7252,33.0983,19.5488,19.2049,20.2526,20.0838
G5EC10,21.6074,21.689,20.9212,21.6027,21.2119,21.1578,20.6765,19.5127,19.377,21.4255,19.7303,18.7802,21.4962,18.8116,20.6911,20.2831
G5EC10,21.1133,20.9118,18.6763,21.4743,21.6229,20.6145,20.6699,20.9847,19.176,19.5829,19.162,17.8424,19.9357,21.354,19.8882,18.3009
G5EC43,19.8222,20.4283,20.4707,21.3887,21.7263,21.166,21.248,20.5462,22.7043,23.0192,23.6846,22.3038,24.081,24.1122,22.3582,23.7767
I2HAI6;X5LQ26,24.4857,23.4194,23.5799,24.5716,25.0845,24.6458,23.46,24.6719,20.6982,18.8384,18.8775,17.2759,23.1235,23.8276,20.9846,22.8769
I2HAI6;X5LQ26,21.4504,21.6637,20.3495,21.7755,21.4589,20.9029,20.3877,19.7838,18.4791,18.9426,18.826,16.8896,17.2123,19.4656,18.3833,20.1275
I2HAI6,20.9155,20.3982,20.5611,21.7866,21.5104,20.2766,20.04,21.0605,25.9775,25.863,27.2852,26.9258,21.3666,19.0989,20.8765,20.9251
G5EC78,21.0041,21.5832,19.8912,21.7884,19.9989,20.5416,20.8075,21.0417,18.5811,19.889,19.9417,19.549,21.3932,21.3369,18.8898,18.8477
G5EC78,27.0013,26.9928,27.2927,27.0071,25.6574,23.9689,26.2341,24.8657,18.7466,16.8044,20.3361,18.909,19.8604,20.1552,21.3141,19.7023
G5EC78,21.7372,20.8747,20.491,21.4311,21.7096,20.0254,20.9265,21.2151,19.8877,18.4001,17.469,18.4922,20.8576,20.0159,20.019,21.3414
G5EC86,22.6007,23.8373,23.7527,23.0802,21.5762,21.1779,21.1365,19.7786,19.7972,20.6183,21.0483,17.5191,20.8734,20.1885,21.2472,19.0985
G5EC91,23.8691,22.9328,23.3076,23.9794,26.7289,23.829,22.6689,22.3888,25.5755,25.7854,25.7303,25.4019,27.0865,26.373,25.1141,20.333
G5EC91,21.7213,20.9818,20.0789,21.1964,25.4046,24.4546,23.9513,25.5793,18.3991,19.2243,20.2961,17.7727,21.0856,20.7797,20.3832,19.6905
G5EC97,23.013,22.4674,22.7652,23.116,22.0344,23.7739,22.024,21.4592,22.3153,23.3456,23.5878,22.6769,24.862,23.8965,22.398,25.172
G5EC97,25.3914,24.7043,23.1033,24.1085,24.0232,22.0734,23.4592,24.0004,18.5083,19.5261,19.3305,19.4416,20.3394,20.2399,18.1657,19.7275
G5EC97,24.1133,24.1879,24.7665,24.2835,22.3286,22.9641,23.1261,21.9537,19.1876,17.0481,20.331,19.7076,20.3227,21.5447,20.2103,19.3182
G5EC98,20.7447,21.5255,21.4417,21.4835,21.2846,20.733,21.0978,20.4587,17.7917,18.0263,19.3407,20.6358,21.4668,20.3878,20.4505,21.3727
G5ECC7,24.1174,24.6742,24.1923,24.4453,21.1517,19.0094,21.2068,20.8362,21.1091,20.1694,20.2643,19.9489,19.9846,18.3819,20.546,19.2479
G5ECF6,24.5014,24.5954,23.9118,24.2857,23.6948,23.0271,24.6237,22.5954,22.3879,23.7218,22.7805,23.2114,20.3165,21.1472,20.436,18.754
G5ECG0,26.2574,26.0236,24.1132,24.1206,23.4317,22.7225,22.4191,22.1779,18.3455,18.2087,19.951,19.5422,19.7136,18.2525,20.4024,21.4398
G5EFK7,21.1789,19.4869,21.0346,21.6934,21.961,21.0266,20.9862,21.1007,19.205,20.381,18.1553,17.9349,21.554,19.9841,20.5894,20.7562
G5ECL1,22.5303,24.4074,23.9134,23.7803,23.7767,22.1716,21.2969,22.3161,19.2309,18.2829,18.0716,19.5492,17.6774,19.6674,19.5374,18.7976
G5ECM2,20.4708,21.7884,21.223,21.4382,21.4284,19.8362,20.8856,20.157,17.5888,19.976,17.837,18.8726,21.6076,20.1513,20.4018,21.5554
G5ECR7,25.1199,25.1213,26.5751,27.2598,24.3334,24.4985,25.5165,24.2786,19.3545,20.1591,18.6182,21.2917,18.4285,21.8567,20.0061,20.3392
G5ECT6,21.6423,21.4862,20.5827,21.2641,23.944,21.2169,22.8197,23.899,23.9007,24.6077,24.8504,25.5508,20.9616,21.1637,18.116,17.7464
G5ECT6,21.9004,22.9501,22.0196,22.2081,25.0528,24.4153,25.8045,24.4734,23.5254,21.9544,24.3107,22.0246,23.3811,24.2726,22.6513,23.8807
G5ECU1,23.9094,23.2495,21.5843,23.3457,23.5825,23.0255,24.4667,21.47,21.1056,18.1715,20.2636,20.3585,20.9126,20.628,20.5334,19.945
G5ECY0,21.0857,20.393,20.714,21.8267,23.1027,21.6646,20.3141,23.2534,21.3827,20.2932,18.8112,19.5529,21.2491,18.7055,19.5855,19.976
G5ECY0,21.9204,21.5455,20.2015,20.566,23.7975,22.3344,24.0667,22.3347,19.8153,17.9503,20.5715,16.1964,19.9647,21.4026,18.8748,19.8467
G5ECY4,27.8713,27.7166,26.1167,26.8768,28.8758,26.4713,27.4294,26.4862,18.776,18.8857,18.6993,19.8209,23.9676,23.5404,22.9013,24.5534
G5ECY4,21.4605,21.6149,21.1415,19.9882,21.8866,21.2049,20.8501,20.7176,18.6258,20.109,18.0902,18.1332,20.8547,20.2328,19.1819,21.1627
G5ECY6,21.741,21.671,21.157,21.8274,20.9928,21.2467,21.1721,20.7931,23.511,22.6531,24.3393,23.1309,21.9381,20.3203,18.9094,20.2739
G5ECY6,22.3657,24.8064,22.9634,23.6696,24.1191,23.0115,21.7203,21.0371,21.1487,18.4291,18.9778,20.1221,20.8531,21.0808,20.2746,20.5384
G5ECZ1;Q17490,21.4338,21.4811,21.5202,21.1653,24.663,22.6137,23.1763,22.8121,19.2641,19.1986,19.9667,17.3399,21.0637,19.2917,20.5778,20.8327
G5ECZ1;Q17490,21.8286,20.1331,21.3032,20.5928,22.2165,20.9149,23.5451,21.8707,20.3051,19.602,17.9731,18.9707,18.2635,19.3915,20.5172,17.6822
G5ECZ1;Q17490,21.8811,19.6889,20.4334,20.2553,21.245,18.8236,19.9734,21.1759,20.2438,17.8358,19.4185,18.8515,18.9637,21.093,20.0196,18.9784
G5ECZ1;Q17490,21.4861,21.476,21.1522,20.9949,25.1827,25.2775,24.6041,24.5134,18.0782,18.85,20.8737,18.3896,19.409,20.0851,19.4475,19.6396
H9G337,24.7596,24.6793,24.1227,24.1684,24.7698,26.1358,22.3939,24.0047,25.4724,25.2706,25.1817,24.8993,25.5486,25.2253,25.6018,23.4347
G5ED30,22.9545,22.95,23.9546,25.0148,24.2486,24.0292,23.2927,24.069,25.3681,26.0477,26.159,26.0727,25.3752,23.6189,23.664,25.5825
G5ED44,21.0709,21.2271,21.0335,21.3956,21.5965,19.8151,20.9023,20.1802,19.8675,20.8383,20.9615,18.8328,19.2386,19.4727,19.6624,20.9432
Q5FC45,23.9058,22.9586,24.4908,24.9006,24.6941,24.3866,24.8782,22.7744,24.765,23.1966,24.2629,23.9689,23.7466,24.5133,23.7632,27.0303
Q5FC45,21.6407,21.4783,20.8235,21.343,24.8273,24.4207,24.0538,23.3504,21.5375,18.6205,20.7557,18.7092,23.8528,22.6226,20.566,26.3162
Q5FC45,27.8121,28.2973,28.1796,28.141,27.4571,23.783,22.3975,24.2906,27.9375,27.8283,28.6756,27.5135,27.3849,27.6257,25.0824,27.0263
G5ED91,26.182,24.8186,25.7918,26.7345,25.6795,25.099,26.3415,27.7128,24.671,25.1791,26.9916,26.4361,22.6873,22.9863,20.3541,22.7635
G5EDB7,32.1637,30.5615,25.1662,19.4951,18.4519,19.5968,20.9366,20.8642,31.9531,32.2453,32.535,32.7899,19.9549,20.2938,20.7154,17.9126
G5EDD4;O18688;P34690;P91910,25.6935,23.1418,24.846,26.6379,24.8326,23.9641,24.711,22.8232,18.3707,21.2026,17.4639,17.7224,19.7242,20.2373,19.0999,21.19
G5EDD4;O18688;P34690;P91910,28.4432,27.7192,28.4521,28.8374,27.9662,26.7127,25.8343,26.13,19.7954,21.3879,19.6286,16.7225,26.7538,26.0746,25.2387,24.6448
G5EDD8,21.3276,18.5922,19.853,21.5714,20.6723,20.5765,21.3642,20.9149,19.2218,20.6123,18.9828,19.3717,18.4665,21.3688,19.8916,21.0021
G5EDD8,21.6335,21.6822,18.7089,20.6657,21.8943,20.3472,20.43,21.0294,19.4214,18.3156,16.5221,18.2968,19.8081,21.3227,20.17,19.9492
G5EDD8,20.6489,21.674,21.3419,21.3666,23.8582,21.2038,22.4298,21.5467,17.8936,18.8544,18.1194,17.1239,19.5576,17.2595,20.8652,18.773
Q8WSN6,21.672,21.2485,21.4145,21.8506,20.7214,20.2188,20.1531,21.3224,17.0152,19.7245,18.6459,19.6256,20.8995,20.9025,19.846,19.3019
G5EF18,21.4645,20.5575,21.3257,20.8553,24.6477,23.4102,22.8862,22.7413,18.1599,19.4661,20.5518,20.9655,21.5191,17.4997,17.929,20.3054
G5EDI0,21.7175,20.2168,21.1773,21.5002,23.2582,22.0798,21.8931,21.2614,19.5823,19.4974,19.2818,18.6964,19.6643,19.278,20.0929,20.0827
G5EDJ3,27.277,28.0024,25.1571,23.5894,25.8589,24.5541,24.6732,24.7655,28.8879,28.7659,29.035,28.3508,27.9999,26.3873,24.7685,24.3968
G5EDJ3,25.4664,25.5533,24.6309,25.7616,23.0721,23.8515,24.3582,22.3962,17.5456,20.3553,19.9732,18.5429,25.9568,24.639,24.8379,21.7028
G5EDJ3,21.5822,20.7429,20.9559,21.5031,24.471,24.1486,22.3143,22.3947,20.462,18.9801,20.0661,18.1246,26.8654,25.6967,24.4499,25.0401
G5EDJ6,20.5438,19.4529,20.367,21.4153,25.239,25.4556,24.0549,24.8424,21.3763,18.3459,18.3397,18.5126,19.4701,20.4504,17.8391,21.1974
X5LQ26,19.3353,21.3506,20.9305,21.8827,26.314,23.4348,21.9988,22.846,19.6227,19.0806,18.4823,17.3184,20.7773,21.3659,21.1179,20.9731
X5LQ26,20.7415,21.0012,20.8658,21.791,26.6399,24.9195,22.3569,24.1311,18.6842,20.1275,20.114,19.8258,19.1044,17.466,20.1345,20.4114
G5EDM5,21.8072,21.5935,20.2463,21.8914,24.5306,23.0743,24.7107,22.9135,19.6923,16.9674,19.0589,18.7725,19.8436,19.3354,19.9114,18.5109
H9G2Y1,21.4241,21.4148,20.5962,21.8158,20.6839,20.1711,20.7742,21.0555,19.0053,17.6683,19.3042,20.922,20.2894,20.6482,18.5601,18.5829
G5EDQ0,22.0681,21.7464,22.076,21.4823,19.4698,19.3364,20.3215,20.6213,22.706,24.3209,24.4725,23.4068,19.894,19.2789,20.384,18.5004
G5EDQ4,21.916,19.6329,20.8232,21.5214,20.6712,20.5947,21.3749,20.7654,19.1311,20.0589,19.6329,17.9729,24.0854,25.1522,23.3947,24.3976
G5EDQ4,23.737,23.3949,22.1143,22.0578,21.9465,20.6854,21.1639,20.6856,22.2207,20.9706,21.2282,21.2067,23.125,22.3067,21.0438,20.0738
G5EDQ7,21.5607,21.191,20.8702,20.4079,23.4099,24.3099,24.1116,25.0957,17.3341,20.0032,22.0302,16.6973,21.1849,18.2496,18.5953,20.7359
G5EDQ7,21.3061,20.6053,21.0139,20.9788,21.8251,20.4646,19.9049,20.6232,17.7957,20.2845,21.4049,20.6942,18.8238,20.0304,18.4705,19.891
G5EDR3,23.6459,23.7236,21.8289,22.7732,25.1204,24.306,24.9211,26.2517,20.4756,18.5947,19.0179,18.4854,21.9309,18.5667,20.2627,20.2426
G5EDR3,24.976,24.4959,23.0235,23.8901,25.1072,23.8089,24.0554,23.4617,25.2539,25.4809,23.2486,24.7952,18.1558,19.4946,20.868,21.1685
G5EDR3,21.1493,21.1324,20.2828,21.6778,21.1432,20.7162,20.6844,20.842,19.2712,18.4116,19.4938,19.0405,24.123,23.7546,24.0464,21.4992
G5EDT9,22.9684,23.1023,22.4209,24.2367,21.5013,20.9464,20.5559,21.38,20.4641,19.8613,21.2818,19.0389,20.666,20.5826,20.056,20.2455
G5EFK9,24.665,24.8882,20.5802,23.9474,24.2728,24.9033,24.449,24.4059,24.5493,25.6197,25.6275,25.2316,26.3132,25.5618,25.0799,24.5885
G5EDV3,20.193,20.0897,20.5058,21.8861,24.1112,21.6653,21.2339,22.0902,18.6775,20.2437,18.973,21.0142,24.9571,23.2222,22.7097,23.8054
G5EDV3,21.7115,21.4817,20.9386,20.7244,20.5602,20.75,20.773,20.5007,18.0777,21.0314,20.3326,19.4747,20.8567,17.6835,21.1891,20.952
G5EDV3,23.3068,21.2588,23.6471,24.9811,24.989,23.7892,23.3116,21.856,19.0274,20.0877,19.4578,18.7113,25.2285,25.1107,23.5339,25.5397
G5EDV3,20.8019,20.866,20.255,20.9715,21.1069,20.2334,20.2291,20.5205,19.1332,19.4405,20.2699,18.7877,24.6119,24.9317,25.7624,24.2355
G5EDV3,21.832,21.7682,20.7172,20.3653,19.7052,21.2623,20.5001,20.5275,18.5216,18.8883,19.6742,17.5778,23.5353,24.1975,23.618,25.7539
G5EDV3,21.0585,21.684,19.8207,20.8746,20.9582,20.5847,21.2603,20.5144,19.9284,20.4853,20.3539,20.5516,19.8334,18.9669,20.7983,20.2598
G5EDY3,29.1778,28.1738,28.0632,29.0038,31.6826,27.299,26.2985,27.9867,21.3609,20.1626,19.9495,19.2871,26.3892,23.8204,24.8467,25.3694
G5EDY3,20.3166,20.34,20.5127,21.4265,20.7547,20.8952,20.6669,21.3839,20.5813,17.3259,18.1055,17.5758,18.2904,20.3712,19.0035,20.2585
Q564W1,26.9137,25.8351,24.1086,25.2552,21.2579,20.6971,21.16,20.9204,17.8411,20.3686,19.0009,20.2023,20.0835,21.7752,18.9258,20.0911
G5EDY8,21.7524,21.5983,20.4837,21.8992,24.7768,23.3618,24.0984,23.5496,17.0624,18.7889,16.3779,18.8295,18.8504,18.3587,18.3285,18.8172
G5EDZ9,19.2447,21.0528,20.5307,21.5281,21.7936,20.7195,21.2782,21.408,20.4158,18.9824,21.21,20.192,21.0599,19.0577,19.4136,21.1366
G5EE04,21.175,21.3032,21.1666,21.2085,27.7417,24.7395,26.9901,27.3457,22.8265,22.0499,23.029,21.5507,24.4762,23.8823,24.9458,22.6013
G5EE04,21.8514,20.9851,21.1806,21.486,21.6375,21.212,20.7717,20.093,19.5084,18.1844,19.3103,19.2787,18.548,19.7767,20.4998,21.2019
Q8I4B4,20.7132,20.8396,20.8049,21.7472,20.9617,20.0535,21.3002,21.3058,19.4762,18.1073,19.3722,21.4224,19.224,18.913,19.9304,21.8962
G5EE13,25.2636,22.9221,22.4385,24.3153,25.4396,25.0055,27.4509,25.4177,23.847,24.4364,26.6312,24.9429,19.5703,20.9412,18.9354,19.9456
G5EE41,20.0112,20.6021,20.7217,19.3568,21.7712,21.0754,20.1635,21.6598,20.5581,19.7144,18.8691,21.1579,21.1299,19.0899,20.5811,21.1557
G5EE62,21.6649,21.4912,19.7346,20.4484,21.2167,20.643,21.0067,21.3619,18.0551,19.8148,21.427,19.6122,21.6804,20.8526,18.4009,21.7287
G5EE67,21.8946,21.7491,20.8873,20.924,19.8746,20.0441,21.0403,20.0659,21.5263,19.4384,20.711,19.8957,19.3501,19.8978,19.6137,19.4652
G5EE67,20.7315,20.6145,20.9248,21.307,21.708,21.1344,21.1777,21.3179,19.5509,18.9794,19.3437,18.3549,19.0326,20.5919,20.6005,21.4396
G5EE67;Q9U1Y9,26.2583,26.0057,25.5534,25.7192,25.386,26.0018,26.0345,25.2345,25.2944,25.3682,26.4271,25.7558,24.2528,24.115,25.3114,23.3547
G5EE88,21.136,21.7793,21.5176,20.739,20.1665,20.2499,21.3301,20.6658,19.4161,18.9857,21.5346,20.8401,21.3549,19.4851,20.2953,18.9099
G5EEA8,21.8395,20.6996,20.4623,21.4524,21.9645,20.8519,20.8824,21.3077,21.0212,17.7661,18.7605,18.5271,24.3906,23.6886,26.2636,25.865
G5EEA8,23.3815,24.0935,24.5852,23.4602,21.5361,20.8566,21.2286,21.0646,24.9806,25.618,26.4839,25.01,20.0505,18.6495,20.4531,20.1603
G5EEA8,21.6358,20.5347,21.2947,20.4451,20.5319,20.509,20.9275,20.1902,17.4578,18.1571,19.3021,20.2149,20.3781,17.891,20.322,20.1247
G5EEB6,20.2586,21.1152,20.7734,21.7104,21.2539,21.147,21.2771,21.2197,18.8414,18.3347,20.1832,18.0803,20.7003,19.7526,19.3638,20.5391
G5EED5,29.5317,29.071,28.7795,29.4503,27.8124,26.741,27.4234,28.19,19.6338,20.0336,20.989,19.6798,24.373,24.9332,24.408,22.865
G5EED5,27.9061,28.3196,26.4591,27.4311,29.1733,27.6733,26.0849,26.6389,22.8227,22.1728,20.4765,21.7187,27.5915,27.0327,24.96,27.4432
G5EEG4,20.8423,21.115,19.8133,20.8412,21.7829,20.0556,20.666,21.4141,20.0939,18.4159,17.7358,20.8015,20.0967,21.1699,18.7249,20.9878
G5EEP9,23.2558,23.1498,24.7294,23.4971,23.9572,24.483,23.0336,25.0558,24.9492,25.066,24.5951,24.3121,19.7571,19.4768,20.0813,19.0943
G5EEP9,19.8961,20.5095,20.6054,21.6547,21.9486,21.2274,20.6148,20.4272,20.4935,19.2545,20.7938,20.4575,20.1937,19.841,20.6827,20.8482
G5EEP9,22.8578,21.9888,22.1924,23.499,23.3855,22.344,24.1444,22.8304,17.4701,20.1717,18.3366,15.2692,22.9146,22.3737,21.1718,24.6288
G5EEP9,20.9555,20.8613,21.361,21.8707,23.7767,24.9027,22.0169,24.1977,23.8133,24.7701,24.6038,24.2832,20.9239,18.7279,15.6546,18.9918
G5EEP9,21.77,21.5535,20.9123,20.5435,20.3328,21.092,20.6048,20.6981,19.4263,21.1116,21.8048,17.8818,20.7717,19.9644,19.9385,19.2021
G5EEI9,20.5878,21.5805,20.5262,21.0881,21.2879,20.0086,21.2342,21.132,18.8726,17.7685,21.0667,18.0139,20.3545,20.8278,20.3045,18.7727
G5EEJ7;Q21289;Q23058,21.0366,21.3767,20.7486,21.1632,21.714,20.4487,21.1233,20.8272,20.5463,17.6073,18.3188,20.5478,21.524,20.8152,20.2314,19.7807
G5EEK1;Q10046,23.7325,24.3356,23.8549,23.4841,23.7111,22.1378,21.7231,22.4149,23.6241,23.9782,24.5646,24.7024,20.5104,19.266,20.0357,18.6688
G5EEK1,24.0273,23.9096,23.7182,24.0928,24.3706,25.0122,25.1297,23.9955,24.6804,25.2159,26.0113,25.1571,25.5057,25.7369,23.8624,24.8032
G5EEK1,22.8538,22.5721,23.11,23.6241,25.1958,24.4081,25.0519,23.1549,18.9781,19.7719,18.5988,18.9573,21.7561,23.8029,22.0726,23.6957
G5EEK9,26.4499,25.1663,25.9645,25.5117,26.9601,25.7509,25.417,25.5225,24.6492,24.0552,24.44,23.9968,25.5888,27.1978,23.654,26.1912
G5EEK9,26.1056,25.4501,22.9532,24.6039,25.2868,24.741,24.882,24.6137,18.3548,19.7026,21.1125,17.7542,22.2854,22.1754,24.4694,21.5734
G5EEK9,21.8353,21.3434,21.0228,21.507,25.0688,22.8732,22.098,22.8897,19.3351,17.9796,18.1455,18.5698,23.1665,23.6616,23.231,25.4663
G5EEK9,23.6897,23.4788,23.3229,23.8022,26.6409,23.514,23.5485,23.7054,23.2005,24.2298,25.2663,24.7261,17.0484,20.4871,19.3379,19.1358
G5EEL9,21.8728,20.5091,20.3458,21.8927,21.2755,20.8898,20.9473,20.9653,18.9704,20.1841,21.2593,20.2363,21.2045,21.4815,18.0793,19.0917
G5EEL9,21.2948,21.7607,20.4635,21.6056,20.5592,21.0154,21.3095,20.247,19.6562,20.2038,19.9282,18.3176,20.2689,18.9103,19.9141,19.7134
G5EEL9,19.9424,19.6035,19.8535,20.5053,20.5047,20.7474,21.3824,21.0673,19.6454,19.3513,18.0739,19.2715,19.5618,21.074,18.6279,17.8286
G5EEL9,21.7038,21.6751,21.1852,20.606,21.1308,21.0378,21.3442,21.2626,21.2695,18.445,20.5672,18.6714,19.7475,19.7368,20.6334,19.717
G5EEL9,21.3607,21.0475,20.231,21.4593,21.9745,19.809,21.0858,21.2784,19.3216,20.7703,17.8723,20.7386,22.0253,21.4282,17.4844,20.1834
G5EEN7,20.3827,21.6318,21.4185,21.2412,24.0628,21.5078,24.4668,22.6128,19.9399,19.2919,20.6467,20.3305,22.3762,22.2038,22.3282,25.9089
G5EEN7,21.763,20.703,21.1825,20.5622,24.0628,21.305,22.0768,20.9577,18.3865,17.0524,19.8193,18.8333,22.3762,21.3755,22.0122,22.4982
G5EGR6;Q86B39,26.3157,25.2382,24.7401,25.3313,24.398,23.0636,23.6708,24.5406,19.428,19.6779,19.4019,16.6331,23.9225,22.8459,23.7845,22.8508
G5EET8,20.6034,19.767,20.6985,21.158,21.7364,21.1325,21.1536,20.6212,20.3237,20.1784,20.0286,20.9217,19.319,19.9449,21.2461,20.6499
G5EET8,20.7733,20.3218,20.7326,21.4721,21.9426,21.2051,20.3826,21.2785,16.8522,20.1559,19.256,18.9156,21.4023,18.3641,20.1238,21.1607
G5EET8,25.652,25.3584,24.6722,24.5909,20.7178,24.9076,25.9117,24.6448,22.1631,22.0952,22.8531,23.4843,20.4458,20.1538,20.1193,21.1081
G5EET8,20.1417,21.7705,20.8394,20.8544,21.5875,21.0905,20.0856,21.1571,17.6935,18.3918,20.8979,19.657,19.1467,19.7885,18.7145,20.5933
G5EET8,20.9034,21.7459,20.5595,21.6394,21.6221,20.5843,21.3833,19.8581,19.9308,18.0295,18.1489,19.4215,18.4818,20.3804,20.8506,20.4796
